ID,smiles_1,smiles_2,smiles_3,smiles_4,smiles_5,smiles_6,ratio_1,ratio_2,ratio_3,ratio_4,ratio_5,ratio_6,SNR,MolWt,Dispersity
1,C(OC(=O)C(C[*])[*])C(F)(F)F,O(C(=O)C(C[*])[*])CCOC(C(F)(F)F)C(F)(F)F,O(C(=O)C(C[*])[*])CCOC(C(F)(F)F)(C(F)(F)F)C(F)(F)F,O(C(=O)C(C[*])[*])CCOC,O(C(=O)C(C[*])[*])CCO,O(C(=O)C(C[*])[*])CC[S](C)=O,0.0,0.0,0.1,0.9,0.0,0.0,0.036739903,,
2,C(OC(=O)C(C[*])[*])C(F)(F)F,O(C(=O)C(C[*])[*])CCOC(C(F)(F)F)C(F)(F)F,O(C(=O)C(C[*])[*])CCOC(C(F)(F)F)(C(F)(F)F)C(F)(F)F,O(C(=O)C(C[*])[*])CCOC,O(C(=O)C(C[*])[*])CCO,O(C(=O)C(C[*])[*])CC[S](C)=O,0.0,0.0,0.2,0.3,0.0,0.5,0.117168229,7100.0,1.25
3,C(OC(=O)C(C[*])[*])C(F)(F)F,O(C(=O)C(C[*])[*])CCOC(C(F)(F)F)C(F)(F)F,O(C(=O)C(C[*])[*])CCOC(C(F)(F)F)(C(F)(F)F)C(F)(F)F,O(C(=O)C(C[*])[*])CCOC,O(C(=O)C(C[*])[*])CCO,O(C(=O)C(C[*])[*])CC[S](C)=O,0.0,0.0,0.2,0.3,0.5,0.0,0.127173949,8100.0,1.16
4,C(OC(=O)C(C[*])[*])C(F)(F)F,O(C(=O)C(C[*])[*])CCOC(C(F)(F)F)C(F)(F)F,O(C(=O)C(C[*])[*])CCOC(C(F)(F)F)(C(F)(F)F)C(F)(F)F,O(C(=O)C(C[*])[*])CCOC,O(C(=O)C(C[*])[*])CCO,O(C(=O)C(C[*])[*])CC[S](C)=O,0.0,0.0,0.2,0.4,0.0,0.4,0.105658605,7800.0,1.26
5,C(OC(=O)C(C[*])[*])C(F)(F)F,O(C(=O)C(C[*])[*])CCOC(C(F)(F)F)C(F)(F)F,O(C(=O)C(C[*])[*])CCOC(C(F)(F)F)(C(F)(F)F)C(F)(F)F,O(C(=O)C(C[*])[*])CCOC,O(C(=O)C(C[*])[*])CCO,O(C(=O)C(C[*])[*])CC[S](C)=O,0.0,0.0,0.2,0.4,0.4,0.0,0.11201656,,
6,C(OC(=O)C(C[*])[*])C(F)(F)F,O(C(=O)C(C[*])[*])CCOC(C(F)(F)F)C(F)(F)F,O(C(=O)C(C[*])[*])CCOC(C(F)(F)F)(C(F)(F)F)C(F)(F)F,O(C(=O)C(C[*])[*])CCOC,O(C(=O)C(C[*])[*])CCO,O(C(=O)C(C[*])[*])CC[S](C)=O,0.0,0.0,0.2,0.4,0.4,0.0,0.11201656,,
7,C(OC(=O)C(C[*])[*])C(F)(F)F,O(C(=O)C(C[*])[*])CCOC(C(F)(F)F)C(F)(F)F,O(C(=O)C(C[*])[*])CCOC(C(F)(F)F)(C(F)(F)F)C(F)(F)F,O(C(=O)C(C[*])[*])CCOC,O(C(=O)C(C[*])[*])CCO,O(C(=O)C(C[*])[*])CC[S](C)=O,0.0,0.0,0.2,0.4,0.4,0.0,0.11201656,8400.0,1.19
8,C(OC(=O)C(C[*])[*])C(F)(F)F,O(C(=O)C(C[*])[*])CCOC(C(F)(F)F)C(F)(F)F,O(C(=O)C(C[*])[*])CCOC(C(F)(F)F)(C(F)(F)F)C(F)(F)F,O(C(=O)C(C[*])[*])CCOC,O(C(=O)C(C[*])[*])CCO,O(C(=O)C(C[*])[*])CC[S](C)=O,0.0,0.0,0.2,0.8,0.0,0.0,0.075853687,,
9,C(OC(=O)C(C[*])[*])C(F)(F)F,O(C(=O)C(C[*])[*])CCOC(C(F)(F)F)C(F)(F)F,O(C(=O)C(C[*])[*])CCOC(C(F)(F)F)(C(F)(F)F)C(F)(F)F,O(C(=O)C(C[*])[*])CCOC,O(C(=O)C(C[*])[*])CCO,O(C(=O)C(C[*])[*])CC[S](C)=O,0.0,0.0,0.25,0.5,0.0,0.25,0.117414411,6900.0,1.34
10,C(OC(=O)C(C[*])[*])C(F)(F)F,O(C(=O)C(C[*])[*])CCOC(C(F)(F)F)C(F)(F)F,O(C(=O)C(C[*])[*])CCOC(C(F)(F)F)(C(F)(F)F)C(F)(F)F,O(C(=O)C(C[*])[*])CCOC,O(C(=O)C(C[*])[*])CCO,O(C(=O)C(C[*])[*])CC[S](C)=O,0.0,0.0,0.3,0.0,0.0,0.7,0.240022458,,
11,C(OC(=O)C(C[*])[*])C(F)(F)F,O(C(=O)C(C[*])[*])CCOC(C(F)(F)F)C(F)(F)F,O(C(=O)C(C[*])[*])CCOC(C(F)(F)F)(C(F)(F)F)C(F)(F)F,O(C(=O)C(C[*])[*])CCOC,O(C(=O)C(C[*])[*])CCO,O(C(=O)C(C[*])[*])CC[S](C)=O,0.0,0.0,0.3,0.0,0.0,0.7,0.240022458,,
12,C(OC(=O)C(C[*])[*])C(F)(F)F,O(C(=O)C(C[*])[*])CCOC(C(F)(F)F)C(F)(F)F,O(C(=O)C(C[*])[*])CCOC(C(F)(F)F)(C(F)(F)F)C(F)(F)F,O(C(=O)C(C[*])[*])CCOC,O(C(=O)C(C[*])[*])CCO,O(C(=O)C(C[*])[*])CC[S](C)=O,0.0,0.0,0.3,0.0,0.0,0.7,0.240022458,,
13,C(OC(=O)C(C[*])[*])C(F)(F)F,O(C(=O)C(C[*])[*])CCOC(C(F)(F)F)C(F)(F)F,O(C(=O)C(C[*])[*])CCOC(C(F)(F)F)(C(F)(F)F)C(F)(F)F,O(C(=O)C(C[*])[*])CCOC,O(C(=O)C(C[*])[*])CCO,O(C(=O)C(C[*])[*])CC[S](C)=O,0.0,0.0,0.3,0.0,0.0,0.7,0.240022458,,
14,C(OC(=O)C(C[*])[*])C(F)(F)F,O(C(=O)C(C[*])[*])CCOC(C(F)(F)F)C(F)(F)F,O(C(=O)C(C[*])[*])CCOC(C(F)(F)F)(C(F)(F)F)C(F)(F)F,O(C(=O)C(C[*])[*])CCOC,O(C(=O)C(C[*])[*])CCO,O(C(=O)C(C[*])[*])CC[S](C)=O,0.0,0.0,0.3,0.0,0.0,0.7,0.240022458,,
15,C(OC(=O)C(C[*])[*])C(F)(F)F,O(C(=O)C(C[*])[*])CCOC(C(F)(F)F)C(F)(F)F,O(C(=O)C(C[*])[*])CCOC(C(F)(F)F)(C(F)(F)F)C(F)(F)F,O(C(=O)C(C[*])[*])CCOC,O(C(=O)C(C[*])[*])CCO,O(C(=O)C(C[*])[*])CC[S](C)=O,0.0,0.0,0.3,0.0,0.0,0.7,0.240022458,,
16,C(OC(=O)C(C[*])[*])C(F)(F)F,O(C(=O)C(C[*])[*])CCOC(C(F)(F)F)C(F)(F)F,O(C(=O)C(C[*])[*])CCOC(C(F)(F)F)(C(F)(F)F)C(F)(F)F,O(C(=O)C(C[*])[*])CCOC,O(C(=O)C(C[*])[*])CCO,O(C(=O)C(C[*])[*])CC[S](C)=O,0.0,0.0,0.3,0.0,0.0,0.7,0.240022458,,
17,C(OC(=O)C(C[*])[*])C(F)(F)F,O(C(=O)C(C[*])[*])CCOC(C(F)(F)F)C(F)(F)F,O(C(=O)C(C[*])[*])CCOC(C(F)(F)F)(C(F)(F)F)C(F)(F)F,O(C(=O)C(C[*])[*])CCOC,O(C(=O)C(C[*])[*])CCO,O(C(=O)C(C[*])[*])CC[S](C)=O,0.0,0.0,0.3,0.0,0.05,0.65,0.242629479,5200.0,1.17
18,C(OC(=O)C(C[*])[*])C(F)(F)F,O(C(=O)C(C[*])[*])CCOC(C(F)(F)F)C(F)(F)F,O(C(=O)C(C[*])[*])CCOC(C(F)(F)F)(C(F)(F)F)C(F)(F)F,O(C(=O)C(C[*])[*])CCOC,O(C(=O)C(C[*])[*])CCO,O(C(=O)C(C[*])[*])CC[S](C)=O,0.0,0.0,0.3,0.0,0.7,0.0,0.282521657,,
19,C(OC(=O)C(C[*])[*])C(F)(F)F,O(C(=O)C(C[*])[*])CCOC(C(F)(F)F)C(F)(F)F,O(C(=O)C(C[*])[*])CCOC(C(F)(F)F)(C(F)(F)F)C(F)(F)F,O(C(=O)C(C[*])[*])CCOC,O(C(=O)C(C[*])[*])CCO,O(C(=O)C(C[*])[*])CC[S](C)=O,0.0,0.0,0.3,0.1,0.0,0.6,0.208939175,6500.0,1.24
20,C(OC(=O)C(C[*])[*])C(F)(F)F,O(C(=O)C(C[*])[*])CCOC(C(F)(F)F)C(F)(F)F,O(C(=O)C(C[*])[*])CCOC(C(F)(F)F)(C(F)(F)F)C(F)(F)F,O(C(=O)C(C[*])[*])CCOC,O(C(=O)C(C[*])[*])CCO,O(C(=O)C(C[*])[*])CC[S](C)=O,0.0,0.0,0.3,0.1,0.0,0.6,0.208939175,6100.0,1.26
21,C(OC(=O)C(C[*])[*])C(F)(F)F,O(C(=O)C(C[*])[*])CCOC(C(F)(F)F)C(F)(F)F,O(C(=O)C(C[*])[*])CCOC(C(F)(F)F)(C(F)(F)F)C(F)(F)F,O(C(=O)C(C[*])[*])CCOC,O(C(=O)C(C[*])[*])CCO,O(C(=O)C(C[*])[*])CC[S](C)=O,0.0,0.0,0.3,0.1,0.25,0.35,0.219190022,6200.0,1.19
22,C(OC(=O)C(C[*])[*])C(F)(F)F,O(C(=O)C(C[*])[*])CCOC(C(F)(F)F)C(F)(F)F,O(C(=O)C(C[*])[*])CCOC(C(F)(F)F)(C(F)(F)F)C(F)(F)F,O(C(=O)C(C[*])[*])CCOC,O(C(=O)C(C[*])[*])CCO,O(C(=O)C(C[*])[*])CC[S](C)=O,0.0,0.0,0.3,0.1,0.35,0.25,0.223577634,7200.0,1.13
23,C(OC(=O)C(C[*])[*])C(F)(F)F,O(C(=O)C(C[*])[*])CCOC(C(F)(F)F)C(F)(F)F,O(C(=O)C(C[*])[*])CCOC(C(F)(F)F)(C(F)(F)F)C(F)(F)F,O(C(=O)C(C[*])[*])CCOC,O(C(=O)C(C[*])[*])CCO,O(C(=O)C(C[*])[*])CC[S](C)=O,0.0,0.0,0.3,0.2,0.3,0.2,0.194655142,7400.0,1.21
24,C(OC(=O)C(C[*])[*])C(F)(F)F,O(C(=O)C(C[*])[*])CCOC(C(F)(F)F)C(F)(F)F,O(C(=O)C(C[*])[*])CCOC(C(F)(F)F)(C(F)(F)F)C(F)(F)F,O(C(=O)C(C[*])[*])CCOC,O(C(=O)C(C[*])[*])CCO,O(C(=O)C(C[*])[*])CC[S](C)=O,0.0,0.0,0.3,0.7,0.0,0.0,0.117579108,,
25,C(OC(=O)C(C[*])[*])C(F)(F)F,O(C(=O)C(C[*])[*])CCOC(C(F)(F)F)C(F)(F)F,O(C(=O)C(C[*])[*])CCOC(C(F)(F)F)(C(F)(F)F)C(F)(F)F,O(C(=O)C(C[*])[*])CCOC,O(C(=O)C(C[*])[*])CCO,O(C(=O)C(C[*])[*])CC[S](C)=O,0.0,0.0,0.35,0.1,0.0,0.55,0.235499191,5800.0,1.17
26,C(OC(=O)C(C[*])[*])C(F)(F)F,O(C(=O)C(C[*])[*])CCOC(C(F)(F)F)C(F)(F)F,O(C(=O)C(C[*])[*])CCOC(C(F)(F)F)(C(F)(F)F)C(F)(F)F,O(C(=O)C(C[*])[*])CCOC,O(C(=O)C(C[*])[*])CCO,O(C(=O)C(C[*])[*])CC[S](C)=O,0.0,0.0,0.35,0.1,0.1,0.45,0.239833619,,
27,C(OC(=O)C(C[*])[*])C(F)(F)F,O(C(=O)C(C[*])[*])CCOC(C(F)(F)F)C(F)(F)F,O(C(=O)C(C[*])[*])CCOC(C(F)(F)F)(C(F)(F)F)C(F)(F)F,O(C(=O)C(C[*])[*])CCOC,O(C(=O)C(C[*])[*])CCO,O(C(=O)C(C[*])[*])CC[S](C)=O,0.0,0.0,0.35,0.1,0.25,0.3,0.246642916,6300.0,1.19
28,C(OC(=O)C(C[*])[*])C(F)(F)F,O(C(=O)C(C[*])[*])CCOC(C(F)(F)F)C(F)(F)F,O(C(=O)C(C[*])[*])CCOC(C(F)(F)F)(C(F)(F)F)C(F)(F)F,O(C(=O)C(C[*])[*])CCOC,O(C(=O)C(C[*])[*])CCO,O(C(=O)C(C[*])[*])CC[S](C)=O,0.0,0.0,0.35,0.15,0.2,0.3,0.229439569,6700.0,1.18
29,C(OC(=O)C(C[*])[*])C(F)(F)F,O(C(=O)C(C[*])[*])CCOC(C(F)(F)F)C(F)(F)F,O(C(=O)C(C[*])[*])CCOC(C(F)(F)F)(C(F)(F)F)C(F)(F)F,O(C(=O)C(C[*])[*])CCOC,O(C(=O)C(C[*])[*])CCO,O(C(=O)C(C[*])[*])CC[S](C)=O,0.0,0.0,0.35,0.2,0.1,0.35,0.212728901,7500.0,1.16
30,C(OC(=O)C(C[*])[*])C(F)(F)F,O(C(=O)C(C[*])[*])CCOC(C(F)(F)F)C(F)(F)F,O(C(=O)C(C[*])[*])CCOC(C(F)(F)F)(C(F)(F)F)C(F)(F)F,O(C(=O)C(C[*])[*])CCOC,O(C(=O)C(C[*])[*])CCO,O(C(=O)C(C[*])[*])CC[S](C)=O,0.0,0.0,0.4,0.1,0.1,0.4,0.264948889,7200.0,1.14
31,C(OC(=O)C(C[*])[*])C(F)(F)F,O(C(=O)C(C[*])[*])CCOC(C(F)(F)F)C(F)(F)F,O(C(=O)C(C[*])[*])CCOC(C(F)(F)F)(C(F)(F)F)C(F)(F)F,O(C(=O)C(C[*])[*])CCOC,O(C(=O)C(C[*])[*])CCO,O(C(=O)C(C[*])[*])CC[S](C)=O,0.0,0.0,0.4,0.3,0.0,0.3,0.209592214,7300.0,1.14
32,C(OC(=O)C(C[*])[*])C(F)(F)F,O(C(=O)C(C[*])[*])CCOC(C(F)(F)F)C(F)(F)F,O(C(=O)C(C[*])[*])CCOC(C(F)(F)F)(C(F)(F)F)C(F)(F)F,O(C(=O)C(C[*])[*])CCOC,O(C(=O)C(C[*])[*])CCO,O(C(=O)C(C[*])[*])CC[S](C)=O,0.0,0.0,0.4,0.3,0.05,0.25,0.21107756,7600.0,1.13
33,C(OC(=O)C(C[*])[*])C(F)(F)F,O(C(=O)C(C[*])[*])CCOC(C(F)(F)F)C(F)(F)F,O(C(=O)C(C[*])[*])CCOC(C(F)(F)F)(C(F)(F)F)C(F)(F)F,O(C(=O)C(C[*])[*])CCOC,O(C(=O)C(C[*])[*])CCO,O(C(=O)C(C[*])[*])CC[S](C)=O,0.0,0.0,0.4,0.3,0.1,0.2,0.212584109,,
34,C(OC(=O)C(C[*])[*])C(F)(F)F,O(C(=O)C(C[*])[*])CCOC(C(F)(F)F)C(F)(F)F,O(C(=O)C(C[*])[*])CCOC(C(F)(F)F)(C(F)(F)F)C(F)(F)F,O(C(=O)C(C[*])[*])CCOC,O(C(=O)C(C[*])[*])CCO,O(C(=O)C(C[*])[*])CC[S](C)=O,0.0,0.0,0.4,0.3,0.15,0.15,0.214112318,,
35,C(OC(=O)C(C[*])[*])C(F)(F)F,O(C(=O)C(C[*])[*])CCOC(C(F)(F)F)C(F)(F)F,O(C(=O)C(C[*])[*])CCOC(C(F)(F)F)(C(F)(F)F)C(F)(F)F,O(C(=O)C(C[*])[*])CCOC,O(C(=O)C(C[*])[*])CCO,O(C(=O)C(C[*])[*])CC[S](C)=O,0.0,0.0,0.4,0.3,0.15,0.15,0.214112318,,
36,C(OC(=O)C(C[*])[*])C(F)(F)F,O(C(=O)C(C[*])[*])CCOC(C(F)(F)F)C(F)(F)F,O(C(=O)C(C[*])[*])CCOC(C(F)(F)F)(C(F)(F)F)C(F)(F)F,O(C(=O)C(C[*])[*])CCOC,O(C(=O)C(C[*])[*])CCO,O(C(=O)C(C[*])[*])CC[S](C)=O,0.0,0.0,0.4,0.3,0.15,0.15,0.214112318,7600.0,1.17
37,C(OC(=O)C(C[*])[*])C(F)(F)F,O(C(=O)C(C[*])[*])CCOC(C(F)(F)F)C(F)(F)F,O(C(=O)C(C[*])[*])CCOC(C(F)(F)F)(C(F)(F)F)C(F)(F)F,O(C(=O)C(C[*])[*])CCOC,O(C(=O)C(C[*])[*])CCO,O(C(=O)C(C[*])[*])CC[S](C)=O,0.0,0.0,0.4,0.35,0.0,0.25,0.199856244,7400.0,1.21
38,C(OC(=O)C(C[*])[*])C(F)(F)F,O(C(=O)C(C[*])[*])CCOC(C(F)(F)F)C(F)(F)F,O(C(=O)C(C[*])[*])CCOC(C(F)(F)F)(C(F)(F)F)C(F)(F)F,O(C(=O)C(C[*])[*])CCOC,O(C(=O)C(C[*])[*])CCO,O(C(=O)C(C[*])[*])CC[S](C)=O,0.0,0.0,0.4,0.4,0.0,0.2,0.190984632,,
39,C(OC(=O)C(C[*])[*])C(F)(F)F,O(C(=O)C(C[*])[*])CCOC(C(F)(F)F)C(F)(F)F,O(C(=O)C(C[*])[*])CCOC(C(F)(F)F)(C(F)(F)F)C(F)(F)F,O(C(=O)C(C[*])[*])CCOC,O(C(=O)C(C[*])[*])CCO,O(C(=O)C(C[*])[*])CC[S](C)=O,0.0,0.0,0.4,0.4,0.0,0.2,0.190984632,,
40,C(OC(=O)C(C[*])[*])C(F)(F)F,O(C(=O)C(C[*])[*])CCOC(C(F)(F)F)C(F)(F)F,O(C(=O)C(C[*])[*])CCOC(C(F)(F)F)(C(F)(F)F)C(F)(F)F,O(C(=O)C(C[*])[*])CCOC,O(C(=O)C(C[*])[*])CCO,O(C(=O)C(C[*])[*])CC[S](C)=O,0.0,0.0,0.4,0.4,0.0,0.2,0.190984632,,
41,C(OC(=O)C(C[*])[*])C(F)(F)F,O(C(=O)C(C[*])[*])CCOC(C(F)(F)F)C(F)(F)F,O(C(=O)C(C[*])[*])CCOC(C(F)(F)F)(C(F)(F)F)C(F)(F)F,O(C(=O)C(C[*])[*])CCOC,O(C(=O)C(C[*])[*])CCO,O(C(=O)C(C[*])[*])CC[S](C)=O,0.0,0.0,0.4,0.4,0.0,0.2,0.190984632,8200.0,1.17
42,C(OC(=O)C(C[*])[*])C(F)(F)F,O(C(=O)C(C[*])[*])CCOC(C(F)(F)F)C(F)(F)F,O(C(=O)C(C[*])[*])CCOC(C(F)(F)F)(C(F)(F)F)C(F)(F)F,O(C(=O)C(C[*])[*])CCOC,O(C(=O)C(C[*])[*])CCO,O(C(=O)C(C[*])[*])CC[S](C)=O,0.0,0.0,0.4,0.4,0.0,0.2,0.190984632,,
43,C(OC(=O)C(C[*])[*])C(F)(F)F,O(C(=O)C(C[*])[*])CCOC(C(F)(F)F)C(F)(F)F,O(C(=O)C(C[*])[*])CCOC(C(F)(F)F)(C(F)(F)F)C(F)(F)F,O(C(=O)C(C[*])[*])CCOC,O(C(=O)C(C[*])[*])CCO,O(C(=O)C(C[*])[*])CC[S](C)=O,0.0,0.0,0.4,0.4,0.05,0.15,0.192217172,8000.0,1.19
44,C(OC(=O)C(C[*])[*])C(F)(F)F,O(C(=O)C(C[*])[*])CCOC(C(F)(F)F)C(F)(F)F,O(C(=O)C(C[*])[*])CCOC(C(F)(F)F)(C(F)(F)F)C(F)(F)F,O(C(=O)C(C[*])[*])CCOC,O(C(=O)C(C[*])[*])CCO,O(C(=O)C(C[*])[*])CC[S](C)=O,0.0,0.0,0.4,0.4,0.1,0.1,0.193465723,,
45,C(OC(=O)C(C[*])[*])C(F)(F)F,O(C(=O)C(C[*])[*])CCOC(C(F)(F)F)C(F)(F)F,O(C(=O)C(C[*])[*])CCOC(C(F)(F)F)(C(F)(F)F)C(F)(F)F,O(C(=O)C(C[*])[*])CCOC,O(C(=O)C(C[*])[*])CCO,O(C(=O)C(C[*])[*])CC[S](C)=O,0.0,0.0,0.4,0.4,0.15,0.05,0.194730601,7700.0,1.24
46,C(OC(=O)C(C[*])[*])C(F)(F)F,O(C(=O)C(C[*])[*])CCOC(C(F)(F)F)C(F)(F)F,O(C(=O)C(C[*])[*])CCOC(C(F)(F)F)(C(F)(F)F)C(F)(F)F,O(C(=O)C(C[*])[*])CCOC,O(C(=O)C(C[*])[*])CCO,O(C(=O)C(C[*])[*])CC[S](C)=O,0.0,0.0,0.4,0.4,0.2,0.0,0.196012128,,
47,C(OC(=O)C(C[*])[*])C(F)(F)F,O(C(=O)C(C[*])[*])CCOC(C(F)(F)F)C(F)(F)F,O(C(=O)C(C[*])[*])CCOC(C(F)(F)F)(C(F)(F)F)C(F)(F)F,O(C(=O)C(C[*])[*])CCOC,O(C(=O)C(C[*])[*])CCO,O(C(=O)C(C[*])[*])CC[S](C)=O,0.0,0.0,0.4,0.4,0.2,0.0,0.196012128,8400.0,1.16
48,C(OC(=O)C(C[*])[*])C(F)(F)F,O(C(=O)C(C[*])[*])CCOC(C(F)(F)F)C(F)(F)F,O(C(=O)C(C[*])[*])CCOC(C(F)(F)F)(C(F)(F)F)C(F)(F)F,O(C(=O)C(C[*])[*])CCOC,O(C(=O)C(C[*])[*])CCO,O(C(=O)C(C[*])[*])CC[S](C)=O,0.0,0.0,0.4,0.5,0.0,0.1,0.175411602,7400.0,1.28
49,C(OC(=O)C(C[*])[*])C(F)(F)F,O(C(=O)C(C[*])[*])CCOC(C(F)(F)F)C(F)(F)F,O(C(=O)C(C[*])[*])CCOC(C(F)(F)F)(C(F)(F)F)C(F)(F)F,O(C(=O)C(C[*])[*])CCOC,O(C(=O)C(C[*])[*])CCO,O(C(=O)C(C[*])[*])CC[S](C)=O,0.0,0.0,0.4,0.6,0.0,0.0,0.162186771,,
50,C(OC(=O)C(C[*])[*])C(F)(F)F,O(C(=O)C(C[*])[*])CCOC(C(F)(F)F)C(F)(F)F,O(C(=O)C(C[*])[*])CCOC(C(F)(F)F)(C(F)(F)F)C(F)(F)F,O(C(=O)C(C[*])[*])CCOC,O(C(=O)C(C[*])[*])CCO,O(C(=O)C(C[*])[*])CC[S](C)=O,0.0,0.0,0.4,0.6,0.0,0.0,0.162186771,,
51,C(OC(=O)C(C[*])[*])C(F)(F)F,O(C(=O)C(C[*])[*])CCOC(C(F)(F)F)C(F)(F)F,O(C(=O)C(C[*])[*])CCOC(C(F)(F)F)(C(F)(F)F)C(F)(F)F,O(C(=O)C(C[*])[*])CCOC,O(C(=O)C(C[*])[*])CCO,O(C(=O)C(C[*])[*])CC[S](C)=O,0.0,0.0,0.45,0.3,0.0,0.25,0.229726865,6200.0,1.26
52,C(OC(=O)C(C[*])[*])C(F)(F)F,O(C(=O)C(C[*])[*])CCOC(C(F)(F)F)C(F)(F)F,O(C(=O)C(C[*])[*])CCOC(C(F)(F)F)(C(F)(F)F)C(F)(F)F,O(C(=O)C(C[*])[*])CCOC,O(C(=O)C(C[*])[*])CCO,O(C(=O)C(C[*])[*])CC[S](C)=O,0.0,0.0,0.45,0.3,0.15,0.1,0.234551099,6800.0,1.26
53,C(OC(=O)C(C[*])[*])C(F)(F)F,O(C(=O)C(C[*])[*])CCOC(C(F)(F)F)C(F)(F)F,O(C(=O)C(C[*])[*])CCOC(C(F)(F)F)(C(F)(F)F)C(F)(F)F,O(C(=O)C(C[*])[*])CCOC,O(C(=O)C(C[*])[*])CCO,O(C(=O)C(C[*])[*])CC[S](C)=O,0.0,0.0,0.45,0.45,0.05,0.05,0.202308074,8200.0,1.18
54,C(OC(=O)C(C[*])[*])C(F)(F)F,O(C(=O)C(C[*])[*])CCOC(C(F)(F)F)C(F)(F)F,O(C(=O)C(C[*])[*])CCOC(C(F)(F)F)(C(F)(F)F)C(F)(F)F,O(C(=O)C(C[*])[*])CCOC,O(C(=O)C(C[*])[*])CCO,O(C(=O)C(C[*])[*])CC[S](C)=O,0.0,0.0,0.45,0.5,0.0,0.05,0.193072474,8600.0,1.15
55,C(OC(=O)C(C[*])[*])C(F)(F)F,O(C(=O)C(C[*])[*])CCOC(C(F)(F)F)C(F)(F)F,O(C(=O)C(C[*])[*])CCOC(C(F)(F)F)(C(F)(F)F)C(F)(F)F,O(C(=O)C(C[*])[*])CCOC,O(C(=O)C(C[*])[*])CCO,O(C(=O)C(C[*])[*])CC[S](C)=O,0.0,0.0,0.5,0.2,0.0,0.3,0.274230071,,
56,C(OC(=O)C(C[*])[*])C(F)(F)F,O(C(=O)C(C[*])[*])CCOC(C(F)(F)F)C(F)(F)F,O(C(=O)C(C[*])[*])CCOC(C(F)(F)F)(C(F)(F)F)C(F)(F)F,O(C(=O)C(C[*])[*])CCOC,O(C(=O)C(C[*])[*])CCO,O(C(=O)C(C[*])[*])CC[S](C)=O,0.0,0.0,0.5,0.3,0.0,0.2,0.248851789,,
57,C(OC(=O)C(C[*])[*])C(F)(F)F,O(C(=O)C(C[*])[*])CCOC(C(F)(F)F)C(F)(F)F,O(C(=O)C(C[*])[*])CCOC(C(F)(F)F)(C(F)(F)F)C(F)(F)F,O(C(=O)C(C[*])[*])CCOC,O(C(=O)C(C[*])[*])CCO,O(C(=O)C(C[*])[*])CC[S](C)=O,0.0,0.0,0.5,0.3,0.2,0.0,0.255687935,,
58,C(OC(=O)C(C[*])[*])C(F)(F)F,O(C(=O)C(C[*])[*])CCOC(C(F)(F)F)C(F)(F)F,O(C(=O)C(C[*])[*])CCOC(C(F)(F)F)(C(F)(F)F)C(F)(F)F,O(C(=O)C(C[*])[*])CCOC,O(C(=O)C(C[*])[*])CCO,O(C(=O)C(C[*])[*])CC[S](C)=O,0.0,0.0,0.5,0.5,0.0,0.0,0.209986001,,
59,C(OC(=O)C(C[*])[*])C(F)(F)F,O(C(=O)C(C[*])[*])CCOC(C(F)(F)F)C(F)(F)F,O(C(=O)C(C[*])[*])CCOC(C(F)(F)F)(C(F)(F)F)C(F)(F)F,O(C(=O)C(C[*])[*])CCOC,O(C(=O)C(C[*])[*])CCO,O(C(=O)C(C[*])[*])CC[S](C)=O,0.0,0.0,0.5,0.5,0.0,0.0,0.209986001,,
60,C(OC(=O)C(C[*])[*])C(F)(F)F,O(C(=O)C(C[*])[*])CCOC(C(F)(F)F)C(F)(F)F,O(C(=O)C(C[*])[*])CCOC(C(F)(F)F)(C(F)(F)F)C(F)(F)F,O(C(=O)C(C[*])[*])CCOC,O(C(=O)C(C[*])[*])CCO,O(C(=O)C(C[*])[*])CC[S](C)=O,0.0,0.0,0.5,0.5,0.0,0.0,0.209986001,,
61,C(OC(=O)C(C[*])[*])C(F)(F)F,O(C(=O)C(C[*])[*])CCOC(C(F)(F)F)C(F)(F)F,O(C(=O)C(C[*])[*])CCOC(C(F)(F)F)(C(F)(F)F)C(F)(F)F,O(C(=O)C(C[*])[*])CCOC,O(C(=O)C(C[*])[*])CCO,O(C(=O)C(C[*])[*])CC[S](C)=O,0.0,0.0,0.5,0.5,0.0,0.0,0.209986001,,
62,C(OC(=O)C(C[*])[*])C(F)(F)F,O(C(=O)C(C[*])[*])CCOC(C(F)(F)F)C(F)(F)F,O(C(=O)C(C[*])[*])CCOC(C(F)(F)F)(C(F)(F)F)C(F)(F)F,O(C(=O)C(C[*])[*])CCOC,O(C(=O)C(C[*])[*])CCO,O(C(=O)C(C[*])[*])CC[S](C)=O,0.0,0.0,0.5,0.5,0.0,0.0,0.209986001,,
63,C(OC(=O)C(C[*])[*])C(F)(F)F,O(C(=O)C(C[*])[*])CCOC(C(F)(F)F)C(F)(F)F,O(C(=O)C(C[*])[*])CCOC(C(F)(F)F)(C(F)(F)F)C(F)(F)F,O(C(=O)C(C[*])[*])CCOC,O(C(=O)C(C[*])[*])CCO,O(C(=O)C(C[*])[*])CC[S](C)=O,0.0,0.0,0.55,0.2,0.2,0.05,0.302206542,,
64,C(OC(=O)C(C[*])[*])C(F)(F)F,O(C(=O)C(C[*])[*])CCOC(C(F)(F)F)C(F)(F)F,O(C(=O)C(C[*])[*])CCOC(C(F)(F)F)(C(F)(F)F)C(F)(F)F,O(C(=O)C(C[*])[*])CCOC,O(C(=O)C(C[*])[*])CCO,O(C(=O)C(C[*])[*])CC[S](C)=O,0.0,0.0,0.55,0.2,0.2,0.05,0.302206542,,
65,C(OC(=O)C(C[*])[*])C(F)(F)F,O(C(=O)C(C[*])[*])CCOC(C(F)(F)F)C(F)(F)F,O(C(=O)C(C[*])[*])CCOC(C(F)(F)F)(C(F)(F)F)C(F)(F)F,O(C(=O)C(C[*])[*])CCOC,O(C(=O)C(C[*])[*])CCO,O(C(=O)C(C[*])[*])CC[S](C)=O,0.0,0.0,0.55,0.45,0.0,0.0,0.235191442,7200.0,1.22
66,C(OC(=O)C(C[*])[*])C(F)(F)F,O(C(=O)C(C[*])[*])CCOC(C(F)(F)F)C(F)(F)F,O(C(=O)C(C[*])[*])CCOC(C(F)(F)F)(C(F)(F)F)C(F)(F)F,O(C(=O)C(C[*])[*])CCOC,O(C(=O)C(C[*])[*])CCO,O(C(=O)C(C[*])[*])CC[S](C)=O,0.0,0.0,0.6,0.4,0.0,0.0,0.261332029,,
67,C(OC(=O)C(C[*])[*])C(F)(F)F,O(C(=O)C(C[*])[*])CCOC(C(F)(F)F)C(F)(F)F,O(C(=O)C(C[*])[*])CCOC(C(F)(F)F)(C(F)(F)F)C(F)(F)F,O(C(=O)C(C[*])[*])CCOC,O(C(=O)C(C[*])[*])CCO,O(C(=O)C(C[*])[*])CC[S](C)=O,0.0,0.0,0.6,0.4,0.0,0.0,0.261332029,,
68,C(OC(=O)C(C[*])[*])C(F)(F)F,O(C(=O)C(C[*])[*])CCOC(C(F)(F)F)C(F)(F)F,O(C(=O)C(C[*])[*])CCOC(C(F)(F)F)(C(F)(F)F)C(F)(F)F,O(C(=O)C(C[*])[*])CCOC,O(C(=O)C(C[*])[*])CCO,O(C(=O)C(C[*])[*])CC[S](C)=O,0.0,0.0,0.65,0.35,0.0,0.0,0.28846079,,
69,C(OC(=O)C(C[*])[*])C(F)(F)F,O(C(=O)C(C[*])[*])CCOC(C(F)(F)F)C(F)(F)F,O(C(=O)C(C[*])[*])CCOC(C(F)(F)F)(C(F)(F)F)C(F)(F)F,O(C(=O)C(C[*])[*])CCOC,O(C(=O)C(C[*])[*])CCO,O(C(=O)C(C[*])[*])CC[S](C)=O,0.0,0.0,0.8,0.1,0.0,0.1,0.412450705,,
70,C(OC(=O)C(C[*])[*])C(F)(F)F,O(C(=O)C(C[*])[*])CCOC(C(F)(F)F)C(F)(F)F,O(C(=O)C(C[*])[*])CCOC(C(F)(F)F)(C(F)(F)F)C(F)(F)F,O(C(=O)C(C[*])[*])CCOC,O(C(=O)C(C[*])[*])CCO,O(C(=O)C(C[*])[*])CC[S](C)=O,0.0,0.05,0.35,0.2,0.2,0.2,0.23247525,7200.0,1.24
71,C(OC(=O)C(C[*])[*])C(F)(F)F,O(C(=O)C(C[*])[*])CCOC(C(F)(F)F)C(F)(F)F,O(C(=O)C(C[*])[*])CCOC(C(F)(F)F)(C(F)(F)F)C(F)(F)F,O(C(=O)C(C[*])[*])CCOC,O(C(=O)C(C[*])[*])CCO,O(C(=O)C(C[*])[*])CC[S](C)=O,0.0,0.05,0.35,0.2,0.4,0.0,0.240303982,8400.0,1.11
72,C(OC(=O)C(C[*])[*])C(F)(F)F,O(C(=O)C(C[*])[*])CCOC(C(F)(F)F)C(F)(F)F,O(C(=O)C(C[*])[*])CCOC(C(F)(F)F)(C(F)(F)F)C(F)(F)F,O(C(=O)C(C[*])[*])CCOC,O(C(=O)C(C[*])[*])CCO,O(C(=O)C(C[*])[*])CC[S](C)=O,0.0,0.05,0.35,0.25,0.15,0.2,0.218383529,6800.0,1.19
73,C(OC(=O)C(C[*])[*])C(F)(F)F,O(C(=O)C(C[*])[*])CCOC(C(F)(F)F)C(F)(F)F,O(C(=O)C(C[*])[*])CCOC(C(F)(F)F)(C(F)(F)F)C(F)(F)F,O(C(=O)C(C[*])[*])CCOC,O(C(=O)C(C[*])[*])CCO,O(C(=O)C(C[*])[*])CC[S](C)=O,0.0,0.05,0.35,0.3,0.0,0.3,0.202974168,7200.0,1.24
74,C(OC(=O)C(C[*])[*])C(F)(F)F,O(C(=O)C(C[*])[*])CCOC(C(F)(F)F)C(F)(F)F,O(C(=O)C(C[*])[*])CCOC(C(F)(F)F)(C(F)(F)F)C(F)(F)F,O(C(=O)C(C[*])[*])CCOC,O(C(=O)C(C[*])[*])CCO,O(C(=O)C(C[*])[*])CC[S](C)=O,0.0,0.05,0.35,0.4,0.15,0.05,0.188441128,8200.0,1.14
75,C(OC(=O)C(C[*])[*])C(F)(F)F,O(C(=O)C(C[*])[*])CCOC(C(F)(F)F)C(F)(F)F,O(C(=O)C(C[*])[*])CCOC(C(F)(F)F)(C(F)(F)F)C(F)(F)F,O(C(=O)C(C[*])[*])CCOC,O(C(=O)C(C[*])[*])CCO,O(C(=O)C(C[*])[*])CC[S](C)=O,0.0,0.05,0.45,0.25,0.0,0.25,0.254872726,7900.0,1.19
76,C(OC(=O)C(C[*])[*])C(F)(F)F,O(C(=O)C(C[*])[*])CCOC(C(F)(F)F)C(F)(F)F,O(C(=O)C(C[*])[*])CCOC(C(F)(F)F)(C(F)(F)F)C(F)(F)F,O(C(=O)C(C[*])[*])CCOC,O(C(=O)C(C[*])[*])CCO,O(C(=O)C(C[*])[*])CC[S](C)=O,0.0,0.05,0.45,0.3,0.0,0.2,0.242961395,8600.0,1.12
77,C(OC(=O)C(C[*])[*])C(F)(F)F,O(C(=O)C(C[*])[*])CCOC(C(F)(F)F)C(F)(F)F,O(C(=O)C(C[*])[*])CCOC(C(F)(F)F)(C(F)(F)F)C(F)(F)F,O(C(=O)C(C[*])[*])CCOC,O(C(=O)C(C[*])[*])CCO,O(C(=O)C(C[*])[*])CC[S](C)=O,0.0,0.05,0.5,0.2,0.0,0.25,0.287700337,,
78,C(OC(=O)C(C[*])[*])C(F)(F)F,O(C(=O)C(C[*])[*])CCOC(C(F)(F)F)C(F)(F)F,O(C(=O)C(C[*])[*])CCOC(C(F)(F)F)(C(F)(F)F)C(F)(F)F,O(C(=O)C(C[*])[*])CCOC,O(C(=O)C(C[*])[*])CCO,O(C(=O)C(C[*])[*])CC[S](C)=O,0.0,0.05,0.55,0.25,0.0,0.15,0.292085579,,
79,C(OC(=O)C(C[*])[*])C(F)(F)F,O(C(=O)C(C[*])[*])CCOC(C(F)(F)F)C(F)(F)F,O(C(=O)C(C[*])[*])CCOC(C(F)(F)F)(C(F)(F)F)C(F)(F)F,O(C(=O)C(C[*])[*])CCOC,O(C(=O)C(C[*])[*])CCO,O(C(=O)C(C[*])[*])CC[S](C)=O,0.0,0.1,0.0,0.1,0.3,0.5,0.059846918,,
80,C(OC(=O)C(C[*])[*])C(F)(F)F,O(C(=O)C(C[*])[*])CCOC(C(F)(F)F)C(F)(F)F,O(C(=O)C(C[*])[*])CCOC(C(F)(F)F)(C(F)(F)F)C(F)(F)F,O(C(=O)C(C[*])[*])CCOC,O(C(=O)C(C[*])[*])CCO,O(C(=O)C(C[*])[*])CC[S](C)=O,0.0,0.1,0.0,0.1,0.6,0.2,0.064513573,,
81,C(OC(=O)C(C[*])[*])C(F)(F)F,O(C(=O)C(C[*])[*])CCOC(C(F)(F)F)C(F)(F)F,O(C(=O)C(C[*])[*])CCOC(C(F)(F)F)(C(F)(F)F)C(F)(F)F,O(C(=O)C(C[*])[*])CCOC,O(C(=O)C(C[*])[*])CCO,O(C(=O)C(C[*])[*])CC[S](C)=O,0.0,0.1,0.0,0.9,0.0,0.0,0.024856476,,
82,C(OC(=O)C(C[*])[*])C(F)(F)F,O(C(=O)C(C[*])[*])CCOC(C(F)(F)F)C(F)(F)F,O(C(=O)C(C[*])[*])CCOC(C(F)(F)F)(C(F)(F)F)C(F)(F)F,O(C(=O)C(C[*])[*])CCOC,O(C(=O)C(C[*])[*])CCO,O(C(=O)C(C[*])[*])CC[S](C)=O,0.0,0.1,0.1,0.0,0.4,0.4,0.166348562,,
83,C(OC(=O)C(C[*])[*])C(F)(F)F,O(C(=O)C(C[*])[*])CCOC(C(F)(F)F)C(F)(F)F,O(C(=O)C(C[*])[*])CCOC(C(F)(F)F)(C(F)(F)F)C(F)(F)F,O(C(=O)C(C[*])[*])CCOC,O(C(=O)C(C[*])[*])CCO,O(C(=O)C(C[*])[*])CC[S](C)=O,0.0,0.1,0.2,0.1,0.0,0.6,0.191014766,7000.0,1.21
84,C(OC(=O)C(C[*])[*])C(F)(F)F,O(C(=O)C(C[*])[*])CCOC(C(F)(F)F)C(F)(F)F,O(C(=O)C(C[*])[*])CCOC(C(F)(F)F)(C(F)(F)F)C(F)(F)F,O(C(=O)C(C[*])[*])CCOC,O(C(=O)C(C[*])[*])CCO,O(C(=O)C(C[*])[*])CC[S](C)=O,0.0,0.1,0.2,0.3,0.2,0.2,0.155561848,7200.0,1.25
85,C(OC(=O)C(C[*])[*])C(F)(F)F,O(C(=O)C(C[*])[*])CCOC(C(F)(F)F)C(F)(F)F,O(C(=O)C(C[*])[*])CCOC(C(F)(F)F)(C(F)(F)F)C(F)(F)F,O(C(=O)C(C[*])[*])CCOC,O(C(=O)C(C[*])[*])CCO,O(C(=O)C(C[*])[*])CC[S](C)=O,0.0,0.1,0.3,0.2,0.1,0.3,0.221431144,,
86,C(OC(=O)C(C[*])[*])C(F)(F)F,O(C(=O)C(C[*])[*])CCOC(C(F)(F)F)C(F)(F)F,O(C(=O)C(C[*])[*])CCOC(C(F)(F)F)(C(F)(F)F)C(F)(F)F,O(C(=O)C(C[*])[*])CCOC,O(C(=O)C(C[*])[*])CCO,O(C(=O)C(C[*])[*])CC[S](C)=O,0.0,0.1,0.3,0.3,0.15,0.15,0.200538928,6600.0,1.2
87,C(OC(=O)C(C[*])[*])C(F)(F)F,O(C(=O)C(C[*])[*])CCOC(C(F)(F)F)C(F)(F)F,O(C(=O)C(C[*])[*])CCOC(C(F)(F)F)(C(F)(F)F)C(F)(F)F,O(C(=O)C(C[*])[*])CCOC,O(C(=O)C(C[*])[*])CCO,O(C(=O)C(C[*])[*])CC[S](C)=O,0.0,0.1,0.3,0.5,0.1,0.0,0.165633767,,
88,C(OC(=O)C(C[*])[*])C(F)(F)F,O(C(=O)C(C[*])[*])CCOC(C(F)(F)F)C(F)(F)F,O(C(=O)C(C[*])[*])CCOC(C(F)(F)F)(C(F)(F)F)C(F)(F)F,O(C(=O)C(C[*])[*])CCOC,O(C(=O)C(C[*])[*])CCO,O(C(=O)C(C[*])[*])CC[S](C)=O,0.0,0.1,0.35,0.15,0.2,0.2,0.262641827,7600.0,1.1
89,C(OC(=O)C(C[*])[*])C(F)(F)F,O(C(=O)C(C[*])[*])CCOC(C(F)(F)F)C(F)(F)F,O(C(=O)C(C[*])[*])CCOC(C(F)(F)F)(C(F)(F)F)C(F)(F)F,O(C(=O)C(C[*])[*])CCOC,O(C(=O)C(C[*])[*])CCO,O(C(=O)C(C[*])[*])CC[S](C)=O,0.0,0.1,0.35,0.2,0.3,0.05,0.252134741,8400.0,1.07
90,C(OC(=O)C(C[*])[*])C(F)(F)F,O(C(=O)C(C[*])[*])CCOC(C(F)(F)F)C(F)(F)F,O(C(=O)C(C[*])[*])CCOC(C(F)(F)F)(C(F)(F)F)C(F)(F)F,O(C(=O)C(C[*])[*])CCOC,O(C(=O)C(C[*])[*])CCO,O(C(=O)C(C[*])[*])CC[S](C)=O,0.0,0.1,0.35,0.25,0.3,0.0,0.238705463,8500.0,1.11
91,C(OC(=O)C(C[*])[*])C(F)(F)F,O(C(=O)C(C[*])[*])CCOC(C(F)(F)F)C(F)(F)F,O(C(=O)C(C[*])[*])CCOC(C(F)(F)F)(C(F)(F)F)C(F)(F)F,O(C(=O)C(C[*])[*])CCOC,O(C(=O)C(C[*])[*])CCO,O(C(=O)C(C[*])[*])CC[S](C)=O,0.0,0.1,0.35,0.4,0.0,0.15,0.19793976,,
92,C(OC(=O)C(C[*])[*])C(F)(F)F,O(C(=O)C(C[*])[*])CCOC(C(F)(F)F)C(F)(F)F,O(C(=O)C(C[*])[*])CCOC(C(F)(F)F)(C(F)(F)F)C(F)(F)F,O(C(=O)C(C[*])[*])CCOC,O(C(=O)C(C[*])[*])CCO,O(C(=O)C(C[*])[*])CC[S](C)=O,0.0,0.1,0.35,0.4,0.05,0.1,0.199210706,8600.0,1.16
93,C(OC(=O)C(C[*])[*])C(F)(F)F,O(C(=O)C(C[*])[*])CCOC(C(F)(F)F)C(F)(F)F,O(C(=O)C(C[*])[*])CCOC(C(F)(F)F)(C(F)(F)F)C(F)(F)F,O(C(=O)C(C[*])[*])CCOC,O(C(=O)C(C[*])[*])CCO,O(C(=O)C(C[*])[*])CC[S](C)=O,0.0,0.1,0.4,0.1,0.0,0.4,0.292109742,,
94,C(OC(=O)C(C[*])[*])C(F)(F)F,O(C(=O)C(C[*])[*])CCOC(C(F)(F)F)C(F)(F)F,O(C(=O)C(C[*])[*])CCOC(C(F)(F)F)(C(F)(F)F)C(F)(F)F,O(C(=O)C(C[*])[*])CCOC,O(C(=O)C(C[*])[*])CCO,O(C(=O)C(C[*])[*])CC[S](C)=O,0.0,0.1,0.4,0.15,0.0,0.35,0.276045288,,
95,C(OC(=O)C(C[*])[*])C(F)(F)F,O(C(=O)C(C[*])[*])CCOC(C(F)(F)F)C(F)(F)F,O(C(=O)C(C[*])[*])CCOC(C(F)(F)F)(C(F)(F)F)C(F)(F)F,O(C(=O)C(C[*])[*])CCOC,O(C(=O)C(C[*])[*])CCO,O(C(=O)C(C[*])[*])CC[S](C)=O,0.0,0.1,0.4,0.25,0.0,0.25,0.248691875,7500.0,1.17
96,C(OC(=O)C(C[*])[*])C(F)(F)F,O(C(=O)C(C[*])[*])CCOC(C(F)(F)F)C(F)(F)F,O(C(=O)C(C[*])[*])CCOC(C(F)(F)F)(C(F)(F)F)C(F)(F)F,O(C(=O)C(C[*])[*])CCOC,O(C(=O)C(C[*])[*])CCO,O(C(=O)C(C[*])[*])CC[S](C)=O,0.0,0.1,0.45,0.35,0.05,0.05,0.246104734,,
97,C(OC(=O)C(C[*])[*])C(F)(F)F,O(C(=O)C(C[*])[*])CCOC(C(F)(F)F)C(F)(F)F,O(C(=O)C(C[*])[*])CCOC(C(F)(F)F)(C(F)(F)F)C(F)(F)F,O(C(=O)C(C[*])[*])CCOC,O(C(=O)C(C[*])[*])CCO,O(C(=O)C(C[*])[*])CC[S](C)=O,0.0,0.1,0.45,0.4,0.0,0.05,0.234233327,8200.0,1.13
98,C(OC(=O)C(C[*])[*])C(F)(F)F,O(C(=O)C(C[*])[*])CCOC(C(F)(F)F)C(F)(F)F,O(C(=O)C(C[*])[*])CCOC(C(F)(F)F)(C(F)(F)F)C(F)(F)F,O(C(=O)C(C[*])[*])CCOC,O(C(=O)C(C[*])[*])CCO,O(C(=O)C(C[*])[*])CC[S](C)=O,0.0,0.1,0.55,0.15,0.05,0.15,0.337298065,,
99,C(OC(=O)C(C[*])[*])C(F)(F)F,O(C(=O)C(C[*])[*])CCOC(C(F)(F)F)C(F)(F)F,O(C(=O)C(C[*])[*])CCOC(C(F)(F)F)(C(F)(F)F)C(F)(F)F,O(C(=O)C(C[*])[*])CCOC,O(C(=O)C(C[*])[*])CCO,O(C(=O)C(C[*])[*])CC[S](C)=O,0.0,0.15,0.3,0.35,0.0,0.2,0.200787003,7400.0,1.24
100,C(OC(=O)C(C[*])[*])C(F)(F)F,O(C(=O)C(C[*])[*])CCOC(C(F)(F)F)C(F)(F)F,O(C(=O)C(C[*])[*])CCOC(C(F)(F)F)(C(F)(F)F)C(F)(F)F,O(C(=O)C(C[*])[*])CCOC,O(C(=O)C(C[*])[*])CCO,O(C(=O)C(C[*])[*])CC[S](C)=O,0.0,0.15,0.3,0.4,0.1,0.05,0.194337781,,
101,C(OC(=O)C(C[*])[*])C(F)(F)F,O(C(=O)C(C[*])[*])CCOC(C(F)(F)F)C(F)(F)F,O(C(=O)C(C[*])[*])CCOC(C(F)(F)F)(C(F)(F)F)C(F)(F)F,O(C(=O)C(C[*])[*])CCOC,O(C(=O)C(C[*])[*])CCO,O(C(=O)C(C[*])[*])CC[S](C)=O,0.0,0.15,0.35,0.25,0.2,0.05,0.249600623,8400.0,1.09
102,C(OC(=O)C(C[*])[*])C(F)(F)F,O(C(=O)C(C[*])[*])CCOC(C(F)(F)F)C(F)(F)F,O(C(=O)C(C[*])[*])CCOC(C(F)(F)F)(C(F)(F)F)C(F)(F)F,O(C(=O)C(C[*])[*])CCOC,O(C(=O)C(C[*])[*])CCO,O(C(=O)C(C[*])[*])CC[S](C)=O,0.0,0.15,0.45,0.25,0.0,0.15,0.280990773,,
103,C(OC(=O)C(C[*])[*])C(F)(F)F,O(C(=O)C(C[*])[*])CCOC(C(F)(F)F)C(F)(F)F,O(C(=O)C(C[*])[*])CCOC(C(F)(F)F)(C(F)(F)F)C(F)(F)F,O(C(=O)C(C[*])[*])CCOC,O(C(=O)C(C[*])[*])CCO,O(C(=O)C(C[*])[*])CC[S](C)=O,0.0,0.2,0.0,0.1,0.4,0.3,0.116135736,7600.0,1.2
104,C(OC(=O)C(C[*])[*])C(F)(F)F,O(C(=O)C(C[*])[*])CCOC(C(F)(F)F)C(F)(F)F,O(C(=O)C(C[*])[*])CCOC(C(F)(F)F)(C(F)(F)F)C(F)(F)F,O(C(=O)C(C[*])[*])CCOC,O(C(=O)C(C[*])[*])CCO,O(C(=O)C(C[*])[*])CC[S](C)=O,0.0,0.2,0.0,0.4,0.1,0.3,0.074634439,7600.0,1.25
105,C(OC(=O)C(C[*])[*])C(F)(F)F,O(C(=O)C(C[*])[*])CCOC(C(F)(F)F)C(F)(F)F,O(C(=O)C(C[*])[*])CCOC(C(F)(F)F)(C(F)(F)F)C(F)(F)F,O(C(=O)C(C[*])[*])CCOC,O(C(=O)C(C[*])[*])CCO,O(C(=O)C(C[*])[*])CC[S](C)=O,0.0,0.2,0.0,0.8,0.0,0.0,0.052142174,,
106,C(OC(=O)C(C[*])[*])C(F)(F)F,O(C(=O)C(C[*])[*])CCOC(C(F)(F)F)C(F)(F)F,O(C(=O)C(C[*])[*])CCOC(C(F)(F)F)(C(F)(F)F)C(F)(F)F,O(C(=O)C(C[*])[*])CCOC,O(C(=O)C(C[*])[*])CCO,O(C(=O)C(C[*])[*])CC[S](C)=O,0.0,0.2,0.1,0.0,0.0,0.7,0.199372402,,
107,C(OC(=O)C(C[*])[*])C(F)(F)F,O(C(=O)C(C[*])[*])CCOC(C(F)(F)F)C(F)(F)F,O(C(=O)C(C[*])[*])CCOC(C(F)(F)F)(C(F)(F)F)C(F)(F)F,O(C(=O)C(C[*])[*])CCOC,O(C(=O)C(C[*])[*])CCO,O(C(=O)C(C[*])[*])CC[S](C)=O,0.0,0.2,0.1,0.0,0.2,0.5,0.208963979,,
108,C(OC(=O)C(C[*])[*])C(F)(F)F,O(C(=O)C(C[*])[*])CCOC(C(F)(F)F)C(F)(F)F,O(C(=O)C(C[*])[*])CCOC(C(F)(F)F)(C(F)(F)F)C(F)(F)F,O(C(=O)C(C[*])[*])CCOC,O(C(=O)C(C[*])[*])CCO,O(C(=O)C(C[*])[*])CC[S](C)=O,0.0,0.2,0.15,0.5,0.0,0.15,0.131756784,8000.0,1.28
109,C(OC(=O)C(C[*])[*])C(F)(F)F,O(C(=O)C(C[*])[*])CCOC(C(F)(F)F)C(F)(F)F,O(C(=O)C(C[*])[*])CCOC(C(F)(F)F)(C(F)(F)F)C(F)(F)F,O(C(=O)C(C[*])[*])CCOC,O(C(=O)C(C[*])[*])CCO,O(C(=O)C(C[*])[*])CC[S](C)=O,0.0,0.2,0.2,0.3,0.3,0.0,0.190656494,,
110,C(OC(=O)C(C[*])[*])C(F)(F)F,O(C(=O)C(C[*])[*])CCOC(C(F)(F)F)C(F)(F)F,O(C(=O)C(C[*])[*])CCOC(C(F)(F)F)(C(F)(F)F)C(F)(F)F,O(C(=O)C(C[*])[*])CCOC,O(C(=O)C(C[*])[*])CCO,O(C(=O)C(C[*])[*])CC[S](C)=O,0.0,0.2,0.2,0.4,0.0,0.2,0.165437015,,
111,C(OC(=O)C(C[*])[*])C(F)(F)F,O(C(=O)C(C[*])[*])CCOC(C(F)(F)F)C(F)(F)F,O(C(=O)C(C[*])[*])CCOC(C(F)(F)F)(C(F)(F)F)C(F)(F)F,O(C(=O)C(C[*])[*])CCOC,O(C(=O)C(C[*])[*])CCO,O(C(=O)C(C[*])[*])CC[S](C)=O,0.0,0.2,0.3,0.3,0.1,0.1,0.227731627,,
112,C(OC(=O)C(C[*])[*])C(F)(F)F,O(C(=O)C(C[*])[*])CCOC(C(F)(F)F)C(F)(F)F,O(C(=O)C(C[*])[*])CCOC(C(F)(F)F)(C(F)(F)F)C(F)(F)F,O(C(=O)C(C[*])[*])CCOC,O(C(=O)C(C[*])[*])CCO,O(C(=O)C(C[*])[*])CC[S](C)=O,0.0,0.2,0.3,0.35,0.1,0.05,0.217123133,,
113,C(OC(=O)C(C[*])[*])C(F)(F)F,O(C(=O)C(C[*])[*])CCOC(C(F)(F)F)C(F)(F)F,O(C(=O)C(C[*])[*])CCOC(C(F)(F)F)(C(F)(F)F)C(F)(F)F,O(C(=O)C(C[*])[*])CCOC,O(C(=O)C(C[*])[*])CCO,O(C(=O)C(C[*])[*])CC[S](C)=O,0.0,0.2,0.3,0.4,0.0,0.1,0.204825138,,
114,C(OC(=O)C(C[*])[*])C(F)(F)F,O(C(=O)C(C[*])[*])CCOC(C(F)(F)F)C(F)(F)F,O(C(=O)C(C[*])[*])CCOC(C(F)(F)F)(C(F)(F)F)C(F)(F)F,O(C(=O)C(C[*])[*])CCOC,O(C(=O)C(C[*])[*])CCO,O(C(=O)C(C[*])[*])CC[S](C)=O,0.0,0.2,0.3,0.4,0.1,0.0,0.207459005,7700.0,1.19
115,C(OC(=O)C(C[*])[*])C(F)(F)F,O(C(=O)C(C[*])[*])CCOC(C(F)(F)F)C(F)(F)F,O(C(=O)C(C[*])[*])CCOC(C(F)(F)F)(C(F)(F)F)C(F)(F)F,O(C(=O)C(C[*])[*])CCOC,O(C(=O)C(C[*])[*])CCO,O(C(=O)C(C[*])[*])CC[S](C)=O,0.0,0.2,0.35,0.1,0.0,0.35,0.300546547,,
116,C(OC(=O)C(C[*])[*])C(F)(F)F,O(C(=O)C(C[*])[*])CCOC(C(F)(F)F)C(F)(F)F,O(C(=O)C(C[*])[*])CCOC(C(F)(F)F)(C(F)(F)F)C(F)(F)F,O(C(=O)C(C[*])[*])CCOC,O(C(=O)C(C[*])[*])CCO,O(C(=O)C(C[*])[*])CC[S](C)=O,0.0,0.2,0.4,0.4,0.0,0.0,0.240631976,,
117,C(OC(=O)C(C[*])[*])C(F)(F)F,O(C(=O)C(C[*])[*])CCOC(C(F)(F)F)C(F)(F)F,O(C(=O)C(C[*])[*])CCOC(C(F)(F)F)(C(F)(F)F)C(F)(F)F,O(C(=O)C(C[*])[*])CCOC,O(C(=O)C(C[*])[*])CCO,O(C(=O)C(C[*])[*])CC[S](C)=O,0.0,0.25,0.3,0.2,0.0,0.25,0.263023885,,
118,C(OC(=O)C(C[*])[*])C(F)(F)F,O(C(=O)C(C[*])[*])CCOC(C(F)(F)F)C(F)(F)F,O(C(=O)C(C[*])[*])CCOC(C(F)(F)F)(C(F)(F)F)C(F)(F)F,O(C(=O)C(C[*])[*])CCOC,O(C(=O)C(C[*])[*])CCO,O(C(=O)C(C[*])[*])CC[S](C)=O,0.0,0.25,0.35,0.35,0.0,0.05,0.245618961,,
119,C(OC(=O)C(C[*])[*])C(F)(F)F,O(C(=O)C(C[*])[*])CCOC(C(F)(F)F)C(F)(F)F,O(C(=O)C(C[*])[*])CCOC(C(F)(F)F)(C(F)(F)F)C(F)(F)F,O(C(=O)C(C[*])[*])CCOC,O(C(=O)C(C[*])[*])CCO,O(C(=O)C(C[*])[*])CC[S](C)=O,0.0,0.3,0.0,0.2,0.5,0.0,0.146182583,8600.0,1.27
120,C(OC(=O)C(C[*])[*])C(F)(F)F,O(C(=O)C(C[*])[*])CCOC(C(F)(F)F)C(F)(F)F,O(C(=O)C(C[*])[*])CCOC(C(F)(F)F)(C(F)(F)F)C(F)(F)F,O(C(=O)C(C[*])[*])CCOC,O(C(=O)C(C[*])[*])CCO,O(C(=O)C(C[*])[*])CC[S](C)=O,0.0,0.3,0.0,0.3,0.1,0.3,0.120370827,,
121,C(OC(=O)C(C[*])[*])C(F)(F)F,O(C(=O)C(C[*])[*])CCOC(C(F)(F)F)C(F)(F)F,O(C(=O)C(C[*])[*])CCOC(C(F)(F)F)(C(F)(F)F)C(F)(F)F,O(C(=O)C(C[*])[*])CCOC,O(C(=O)C(C[*])[*])CCO,O(C(=O)C(C[*])[*])CC[S](C)=O,0.0,0.3,0.0,0.4,0.0,0.3,0.106704606,7600.0,1.26
122,C(OC(=O)C(C[*])[*])C(F)(F)F,O(C(=O)C(C[*])[*])CCOC(C(F)(F)F)C(F)(F)F,O(C(=O)C(C[*])[*])CCOC(C(F)(F)F)(C(F)(F)F)C(F)(F)F,O(C(=O)C(C[*])[*])CCOC,O(C(=O)C(C[*])[*])CCO,O(C(=O)C(C[*])[*])CC[S](C)=O,0.0,0.3,0.0,0.4,0.3,0.0,0.111497985,8500.0,1.14
123,C(OC(=O)C(C[*])[*])C(F)(F)F,O(C(=O)C(C[*])[*])CCOC(C(F)(F)F)C(F)(F)F,O(C(=O)C(C[*])[*])CCOC(C(F)(F)F)(C(F)(F)F)C(F)(F)F,O(C(=O)C(C[*])[*])CCOC,O(C(=O)C(C[*])[*])CCO,O(C(=O)C(C[*])[*])CC[S](C)=O,0.0,0.3,0.0,0.5,0.0,0.2,0.097074427,8200.0,1.27
124,C(OC(=O)C(C[*])[*])C(F)(F)F,O(C(=O)C(C[*])[*])CCOC(C(F)(F)F)C(F)(F)F,O(C(=O)C(C[*])[*])CCOC(C(F)(F)F)(C(F)(F)F)C(F)(F)F,O(C(=O)C(C[*])[*])CCOC,O(C(=O)C(C[*])[*])CCO,O(C(=O)C(C[*])[*])CC[S](C)=O,0.0,0.3,0.0,0.7,0.0,0.0,0.082231503,,
125,C(OC(=O)C(C[*])[*])C(F)(F)F,O(C(=O)C(C[*])[*])CCOC(C(F)(F)F)C(F)(F)F,O(C(=O)C(C[*])[*])CCOC(C(F)(F)F)(C(F)(F)F)C(F)(F)F,O(C(=O)C(C[*])[*])CCOC,O(C(=O)C(C[*])[*])CCO,O(C(=O)C(C[*])[*])CC[S](C)=O,0.0,0.3,0.1,0.4,0.1,0.1,0.153985616,,
126,C(OC(=O)C(C[*])[*])C(F)(F)F,O(C(=O)C(C[*])[*])CCOC(C(F)(F)F)C(F)(F)F,O(C(=O)C(C[*])[*])CCOC(C(F)(F)F)(C(F)(F)F)C(F)(F)F,O(C(=O)C(C[*])[*])CCOC,O(C(=O)C(C[*])[*])CCO,O(C(=O)C(C[*])[*])CC[S](C)=O,0.0,0.3,0.1,0.4,0.2,0.0,0.156138242,7700.0,1.25
127,C(OC(=O)C(C[*])[*])C(F)(F)F,O(C(=O)C(C[*])[*])CCOC(C(F)(F)F)C(F)(F)F,O(C(=O)C(C[*])[*])CCOC(C(F)(F)F)(C(F)(F)F)C(F)(F)F,O(C(=O)C(C[*])[*])CCOC,O(C(=O)C(C[*])[*])CCO,O(C(=O)C(C[*])[*])CC[S](C)=O,0.0,0.3,0.2,0.4,0.1,0.0,0.195217736,8500.0,1.15
128,C(OC(=O)C(C[*])[*])C(F)(F)F,O(C(=O)C(C[*])[*])CCOC(C(F)(F)F)C(F)(F)F,O(C(=O)C(C[*])[*])CCOC(C(F)(F)F)(C(F)(F)F)C(F)(F)F,O(C(=O)C(C[*])[*])CCOC,O(C(=O)C(C[*])[*])CCO,O(C(=O)C(C[*])[*])CC[S](C)=O,0.0,0.3,0.3,0.4,0.0,0.0,0.22971459,7500.0,1.25
129,C(OC(=O)C(C[*])[*])C(F)(F)F,O(C(=O)C(C[*])[*])CCOC(C(F)(F)F)C(F)(F)F,O(C(=O)C(C[*])[*])CCOC(C(F)(F)F)(C(F)(F)F)C(F)(F)F,O(C(=O)C(C[*])[*])CCOC,O(C(=O)C(C[*])[*])CCO,O(C(=O)C(C[*])[*])CC[S](C)=O,0.0,0.3,0.35,0.3,0.0,0.05,0.269468798,,
130,C(OC(=O)C(C[*])[*])C(F)(F)F,O(C(=O)C(C[*])[*])CCOC(C(F)(F)F)C(F)(F)F,O(C(=O)C(C[*])[*])CCOC(C(F)(F)F)(C(F)(F)F)C(F)(F)F,O(C(=O)C(C[*])[*])CCOC,O(C(=O)C(C[*])[*])CCO,O(C(=O)C(C[*])[*])CC[S](C)=O,0.0,0.3,0.4,0.05,0.05,0.2,0.371943295,,
131,C(OC(=O)C(C[*])[*])C(F)(F)F,O(C(=O)C(C[*])[*])CCOC(C(F)(F)F)C(F)(F)F,O(C(=O)C(C[*])[*])CCOC(C(F)(F)F)(C(F)(F)F)C(F)(F)F,O(C(=O)C(C[*])[*])CCOC,O(C(=O)C(C[*])[*])CCO,O(C(=O)C(C[*])[*])CC[S](C)=O,0.0,0.3,0.4,0.1,0.0,0.2,0.348928558,,
132,C(OC(=O)C(C[*])[*])C(F)(F)F,O(C(=O)C(C[*])[*])CCOC(C(F)(F)F)C(F)(F)F,O(C(=O)C(C[*])[*])CCOC(C(F)(F)F)(C(F)(F)F)C(F)(F)F,O(C(=O)C(C[*])[*])CCOC,O(C(=O)C(C[*])[*])CCO,O(C(=O)C(C[*])[*])CC[S](C)=O,0.0,0.3,0.45,0.1,0.0,0.15,0.367246199,,
133,C(OC(=O)C(C[*])[*])C(F)(F)F,O(C(=O)C(C[*])[*])CCOC(C(F)(F)F)C(F)(F)F,O(C(=O)C(C[*])[*])CCOC(C(F)(F)F)(C(F)(F)F)C(F)(F)F,O(C(=O)C(C[*])[*])CCOC,O(C(=O)C(C[*])[*])CCO,O(C(=O)C(C[*])[*])CC[S](C)=O,0.0,0.3,0.5,0.1,0.0,0.1,0.384549897,,
134,C(OC(=O)C(C[*])[*])C(F)(F)F,O(C(=O)C(C[*])[*])CCOC(C(F)(F)F)C(F)(F)F,O(C(=O)C(C[*])[*])CCOC(C(F)(F)F)(C(F)(F)F)C(F)(F)F,O(C(=O)C(C[*])[*])CCOC,O(C(=O)C(C[*])[*])CCO,O(C(=O)C(C[*])[*])CC[S](C)=O,0.0,0.35,0.0,0.0,0.0,0.65,0.200965541,6600.0,1.22
135,C(OC(=O)C(C[*])[*])C(F)(F)F,O(C(=O)C(C[*])[*])CCOC(C(F)(F)F)C(F)(F)F,O(C(=O)C(C[*])[*])CCOC(C(F)(F)F)(C(F)(F)F)C(F)(F)F,O(C(=O)C(C[*])[*])CCOC,O(C(=O)C(C[*])[*])CCO,O(C(=O)C(C[*])[*])CC[S](C)=O,0.0,0.35,0.05,0.0,0.0,0.6,0.233881148,6400.0,1.16
136,C(OC(=O)C(C[*])[*])C(F)(F)F,O(C(=O)C(C[*])[*])CCOC(C(F)(F)F)C(F)(F)F,O(C(=O)C(C[*])[*])CCOC(C(F)(F)F)(C(F)(F)F)C(F)(F)F,O(C(=O)C(C[*])[*])CCOC,O(C(=O)C(C[*])[*])CCO,O(C(=O)C(C[*])[*])CC[S](C)=O,0.0,0.35,0.1,0.15,0.4,0.0,0.232564307,,
137,C(OC(=O)C(C[*])[*])C(F)(F)F,O(C(=O)C(C[*])[*])CCOC(C(F)(F)F)C(F)(F)F,O(C(=O)C(C[*])[*])CCOC(C(F)(F)F)(C(F)(F)F)C(F)(F)F,O(C(=O)C(C[*])[*])CCOC,O(C(=O)C(C[*])[*])CCO,O(C(=O)C(C[*])[*])CC[S](C)=O,0.0,0.35,0.2,0.0,0.0,0.45,0.318023704,,
138,C(OC(=O)C(C[*])[*])C(F)(F)F,O(C(=O)C(C[*])[*])CCOC(C(F)(F)F)C(F)(F)F,O(C(=O)C(C[*])[*])CCOC(C(F)(F)F)(C(F)(F)F)C(F)(F)F,O(C(=O)C(C[*])[*])CCOC,O(C(=O)C(C[*])[*])CCO,O(C(=O)C(C[*])[*])CC[S](C)=O,0.0,0.35,0.25,0.1,0.0,0.3,0.302290495,,
139,C(OC(=O)C(C[*])[*])C(F)(F)F,O(C(=O)C(C[*])[*])CCOC(C(F)(F)F)C(F)(F)F,O(C(=O)C(C[*])[*])CCOC(C(F)(F)F)(C(F)(F)F)C(F)(F)F,O(C(=O)C(C[*])[*])CCOC,O(C(=O)C(C[*])[*])CCO,O(C(=O)C(C[*])[*])CC[S](C)=O,0.0,0.35,0.25,0.25,0.1,0.05,0.261126303,,
140,C(OC(=O)C(C[*])[*])C(F)(F)F,O(C(=O)C(C[*])[*])CCOC(C(F)(F)F)C(F)(F)F,O(C(=O)C(C[*])[*])CCOC(C(F)(F)F)(C(F)(F)F)C(F)(F)F,O(C(=O)C(C[*])[*])CCOC,O(C(=O)C(C[*])[*])CCO,O(C(=O)C(C[*])[*])CC[S](C)=O,0.0,0.35,0.3,0.3,0.05,0.0,0.265639063,,
141,C(OC(=O)C(C[*])[*])C(F)(F)F,O(C(=O)C(C[*])[*])CCOC(C(F)(F)F)C(F)(F)F,O(C(=O)C(C[*])[*])CCOC(C(F)(F)F)(C(F)(F)F)C(F)(F)F,O(C(=O)C(C[*])[*])CCOC,O(C(=O)C(C[*])[*])CCO,O(C(=O)C(C[*])[*])CC[S](C)=O,0.0,0.4,0.0,0.0,0.0,0.6,0.223797091,,
142,C(OC(=O)C(C[*])[*])C(F)(F)F,O(C(=O)C(C[*])[*])CCOC(C(F)(F)F)C(F)(F)F,O(C(=O)C(C[*])[*])CCOC(C(F)(F)F)(C(F)(F)F)C(F)(F)F,O(C(=O)C(C[*])[*])CCOC,O(C(=O)C(C[*])[*])CCO,O(C(=O)C(C[*])[*])CC[S](C)=O,0.0,0.4,0.0,0.0,0.0,0.6,0.223797091,,
143,C(OC(=O)C(C[*])[*])C(F)(F)F,O(C(=O)C(C[*])[*])CCOC(C(F)(F)F)C(F)(F)F,O(C(=O)C(C[*])[*])CCOC(C(F)(F)F)(C(F)(F)F)C(F)(F)F,O(C(=O)C(C[*])[*])CCOC,O(C(=O)C(C[*])[*])CCO,O(C(=O)C(C[*])[*])CC[S](C)=O,0.0,0.4,0.0,0.0,0.0,0.6,0.223797091,,
144,C(OC(=O)C(C[*])[*])C(F)(F)F,O(C(=O)C(C[*])[*])CCOC(C(F)(F)F)C(F)(F)F,O(C(=O)C(C[*])[*])CCOC(C(F)(F)F)(C(F)(F)F)C(F)(F)F,O(C(=O)C(C[*])[*])CCOC,O(C(=O)C(C[*])[*])CCO,O(C(=O)C(C[*])[*])CC[S](C)=O,0.0,0.4,0.0,0.0,0.0,0.6,0.223797091,,
145,C(OC(=O)C(C[*])[*])C(F)(F)F,O(C(=O)C(C[*])[*])CCOC(C(F)(F)F)C(F)(F)F,O(C(=O)C(C[*])[*])CCOC(C(F)(F)F)(C(F)(F)F)C(F)(F)F,O(C(=O)C(C[*])[*])CCOC,O(C(=O)C(C[*])[*])CCO,O(C(=O)C(C[*])[*])CC[S](C)=O,0.0,0.4,0.0,0.0,0.0,0.6,0.223797091,8200.0,1.17
146,C(OC(=O)C(C[*])[*])C(F)(F)F,O(C(=O)C(C[*])[*])CCOC(C(F)(F)F)C(F)(F)F,O(C(=O)C(C[*])[*])CCOC(C(F)(F)F)(C(F)(F)F)C(F)(F)F,O(C(=O)C(C[*])[*])CCOC,O(C(=O)C(C[*])[*])CCO,O(C(=O)C(C[*])[*])CC[S](C)=O,0.0,0.4,0.0,0.1,0.1,0.4,0.19743764,,
147,C(OC(=O)C(C[*])[*])C(F)(F)F,O(C(=O)C(C[*])[*])CCOC(C(F)(F)F)C(F)(F)F,O(C(=O)C(C[*])[*])CCOC(C(F)(F)F)(C(F)(F)F)C(F)(F)F,O(C(=O)C(C[*])[*])CCOC,O(C(=O)C(C[*])[*])CCO,O(C(=O)C(C[*])[*])CC[S](C)=O,0.0,0.4,0.0,0.1,0.15,0.35,0.199420543,6500.0,1.19
148,C(OC(=O)C(C[*])[*])C(F)(F)F,O(C(=O)C(C[*])[*])CCOC(C(F)(F)F)C(F)(F)F,O(C(=O)C(C[*])[*])CCOC(C(F)(F)F)(C(F)(F)F)C(F)(F)F,O(C(=O)C(C[*])[*])CCOC,O(C(=O)C(C[*])[*])CCO,O(C(=O)C(C[*])[*])CC[S](C)=O,0.0,0.4,0.0,0.1,0.3,0.2,0.205615652,6700.0,1.27
149,C(OC(=O)C(C[*])[*])C(F)(F)F,O(C(=O)C(C[*])[*])CCOC(C(F)(F)F)C(F)(F)F,O(C(=O)C(C[*])[*])CCOC(C(F)(F)F)(C(F)(F)F)C(F)(F)F,O(C(=O)C(C[*])[*])CCOC,O(C(=O)C(C[*])[*])CCO,O(C(=O)C(C[*])[*])CC[S](C)=O,0.0,0.4,0.0,0.1,0.4,0.1,0.209964085,6800.0,1.21
150,C(OC(=O)C(C[*])[*])C(F)(F)F,O(C(=O)C(C[*])[*])CCOC(C(F)(F)F)C(F)(F)F,O(C(=O)C(C[*])[*])CCOC(C(F)(F)F)(C(F)(F)F)C(F)(F)F,O(C(=O)C(C[*])[*])CCOC,O(C(=O)C(C[*])[*])CCO,O(C(=O)C(C[*])[*])CC[S](C)=O,0.0,0.4,0.0,0.15,0.05,0.4,0.183019705,,
151,C(OC(=O)C(C[*])[*])C(F)(F)F,O(C(=O)C(C[*])[*])CCOC(C(F)(F)F)C(F)(F)F,O(C(=O)C(C[*])[*])CCOC(C(F)(F)F)(C(F)(F)F)C(F)(F)F,O(C(=O)C(C[*])[*])CCOC,O(C(=O)C(C[*])[*])CCO,O(C(=O)C(C[*])[*])CC[S](C)=O,0.0,0.4,0.0,0.15,0.1,0.35,0.184722329,7700.0,1.21
152,C(OC(=O)C(C[*])[*])C(F)(F)F,O(C(=O)C(C[*])[*])CCOC(C(F)(F)F)C(F)(F)F,O(C(=O)C(C[*])[*])CCOC(C(F)(F)F)(C(F)(F)F)C(F)(F)F,O(C(=O)C(C[*])[*])CCOC,O(C(=O)C(C[*])[*])CCO,O(C(=O)C(C[*])[*])CC[S](C)=O,0.0,0.4,0.0,0.15,0.25,0.2,0.190025733,,
153,C(OC(=O)C(C[*])[*])C(F)(F)F,O(C(=O)C(C[*])[*])CCOC(C(F)(F)F)C(F)(F)F,O(C(=O)C(C[*])[*])CCOC(C(F)(F)F)(C(F)(F)F)C(F)(F)F,O(C(=O)C(C[*])[*])CCOC,O(C(=O)C(C[*])[*])CCO,O(C(=O)C(C[*])[*])CC[S](C)=O,0.0,0.4,0.0,0.2,0.2,0.2,0.176633277,7200.0,1.27
154,C(OC(=O)C(C[*])[*])C(F)(F)F,O(C(=O)C(C[*])[*])CCOC(C(F)(F)F)C(F)(F)F,O(C(=O)C(C[*])[*])CCOC(C(F)(F)F)(C(F)(F)F)C(F)(F)F,O(C(=O)C(C[*])[*])CCOC,O(C(=O)C(C[*])[*])CCO,O(C(=O)C(C[*])[*])CC[S](C)=O,0.0,0.4,0.0,0.3,0.0,0.3,0.152434948,,
155,C(OC(=O)C(C[*])[*])C(F)(F)F,O(C(=O)C(C[*])[*])CCOC(C(F)(F)F)C(F)(F)F,O(C(=O)C(C[*])[*])CCOC(C(F)(F)F)(C(F)(F)F)C(F)(F)F,O(C(=O)C(C[*])[*])CCOC,O(C(=O)C(C[*])[*])CCO,O(C(=O)C(C[*])[*])CC[S](C)=O,0.0,0.4,0.0,0.5,0.0,0.1,0.125711261,8200.0,1.25
156,C(OC(=O)C(C[*])[*])C(F)(F)F,O(C(=O)C(C[*])[*])CCOC(C(F)(F)F)C(F)(F)F,O(C(=O)C(C[*])[*])CCOC(C(F)(F)F)(C(F)(F)F)C(F)(F)F,O(C(=O)C(C[*])[*])CCOC,O(C(=O)C(C[*])[*])CCO,O(C(=O)C(C[*])[*])CC[S](C)=O,0.0,0.4,0.0,0.5,0.1,0.0,0.127323443,8200.0,1.27
157,C(OC(=O)C(C[*])[*])C(F)(F)F,O(C(=O)C(C[*])[*])CCOC(C(F)(F)F)C(F)(F)F,O(C(=O)C(C[*])[*])CCOC(C(F)(F)F)(C(F)(F)F)C(F)(F)F,O(C(=O)C(C[*])[*])CCOC,O(C(=O)C(C[*])[*])CCO,O(C(=O)C(C[*])[*])CC[S](C)=O,0.0,0.4,0.0,0.6,0.0,0.0,0.115579978,,
158,C(OC(=O)C(C[*])[*])C(F)(F)F,O(C(=O)C(C[*])[*])CCOC(C(F)(F)F)C(F)(F)F,O(C(=O)C(C[*])[*])CCOC(C(F)(F)F)(C(F)(F)F)C(F)(F)F,O(C(=O)C(C[*])[*])CCOC,O(C(=O)C(C[*])[*])CCO,O(C(=O)C(C[*])[*])CC[S](C)=O,0.0,0.4,0.05,0.3,0.15,0.1,0.179978363,,
159,C(OC(=O)C(C[*])[*])C(F)(F)F,O(C(=O)C(C[*])[*])CCOC(C(F)(F)F)C(F)(F)F,O(C(=O)C(C[*])[*])CCOC(C(F)(F)F)(C(F)(F)F)C(F)(F)F,O(C(=O)C(C[*])[*])CCOC,O(C(=O)C(C[*])[*])CCO,O(C(=O)C(C[*])[*])CC[S](C)=O,0.0,0.4,0.05,0.3,0.2,0.05,0.181362682,,
160,C(OC(=O)C(C[*])[*])C(F)(F)F,O(C(=O)C(C[*])[*])CCOC(C(F)(F)F)C(F)(F)F,O(C(=O)C(C[*])[*])CCOC(C(F)(F)F)(C(F)(F)F)C(F)(F)F,O(C(=O)C(C[*])[*])CCOC,O(C(=O)C(C[*])[*])CCO,O(C(=O)C(C[*])[*])CC[S](C)=O,0.0,0.4,0.05,0.3,0.25,0.0,0.182768461,6100.0,1.3
161,C(OC(=O)C(C[*])[*])C(F)(F)F,O(C(=O)C(C[*])[*])CCOC(C(F)(F)F)C(F)(F)F,O(C(=O)C(C[*])[*])CCOC(C(F)(F)F)(C(F)(F)F)C(F)(F)F,O(C(=O)C(C[*])[*])CCOC,O(C(=O)C(C[*])[*])CCO,O(C(=O)C(C[*])[*])CC[S](C)=O,0.0,0.4,0.1,0.2,0.3,0.0,0.231537044,7200.0,1.26
162,C(OC(=O)C(C[*])[*])C(F)(F)F,O(C(=O)C(C[*])[*])CCOC(C(F)(F)F)C(F)(F)F,O(C(=O)C(C[*])[*])CCOC(C(F)(F)F)(C(F)(F)F)C(F)(F)F,O(C(=O)C(C[*])[*])CCOC,O(C(=O)C(C[*])[*])CCO,O(C(=O)C(C[*])[*])CC[S](C)=O,0.0,0.4,0.1,0.3,0.0,0.2,0.198183163,7800.0,1.19
163,C(OC(=O)C(C[*])[*])C(F)(F)F,O(C(=O)C(C[*])[*])CCOC(C(F)(F)F)C(F)(F)F,O(C(=O)C(C[*])[*])CCOC(C(F)(F)F)(C(F)(F)F)C(F)(F)F,O(C(=O)C(C[*])[*])CCOC,O(C(=O)C(C[*])[*])CCO,O(C(=O)C(C[*])[*])CC[S](C)=O,0.0,0.4,0.1,0.3,0.05,0.15,0.199632256,7600.0,1.16
164,C(OC(=O)C(C[*])[*])C(F)(F)F,O(C(=O)C(C[*])[*])CCOC(C(F)(F)F)C(F)(F)F,O(C(=O)C(C[*])[*])CCOC(C(F)(F)F)(C(F)(F)F)C(F)(F)F,O(C(=O)C(C[*])[*])CCOC,O(C(=O)C(C[*])[*])CCO,O(C(=O)C(C[*])[*])CC[S](C)=O,0.0,0.4,0.1,0.35,0.05,0.1,0.190014107,7600.0,1.26
165,C(OC(=O)C(C[*])[*])C(F)(F)F,O(C(=O)C(C[*])[*])CCOC(C(F)(F)F)C(F)(F)F,O(C(=O)C(C[*])[*])CCOC(C(F)(F)F)(C(F)(F)F)C(F)(F)F,O(C(=O)C(C[*])[*])CCOC,O(C(=O)C(C[*])[*])CCO,O(C(=O)C(C[*])[*])CC[S](C)=O,0.0,0.4,0.1,0.35,0.1,0.05,0.191345799,8600.0,1.21
166,C(OC(=O)C(C[*])[*])C(F)(F)F,O(C(=O)C(C[*])[*])CCOC(C(F)(F)F)C(F)(F)F,O(C(=O)C(C[*])[*])CCOC(C(F)(F)F)(C(F)(F)F)C(F)(F)F,O(C(=O)C(C[*])[*])CCOC,O(C(=O)C(C[*])[*])CCO,O(C(=O)C(C[*])[*])CC[S](C)=O,0.0,0.4,0.1,0.4,0.1,0.0,0.182491843,7700.0,1.27
167,C(OC(=O)C(C[*])[*])C(F)(F)F,O(C(=O)C(C[*])[*])CCOC(C(F)(F)F)C(F)(F)F,O(C(=O)C(C[*])[*])CCOC(C(F)(F)F)(C(F)(F)F)C(F)(F)F,O(C(=O)C(C[*])[*])CCOC,O(C(=O)C(C[*])[*])CCO,O(C(=O)C(C[*])[*])CC[S](C)=O,0.0,0.4,0.1,0.5,0.0,0.0,0.165014764,9000.0,1.19
168,C(OC(=O)C(C[*])[*])C(F)(F)F,O(C(=O)C(C[*])[*])CCOC(C(F)(F)F)C(F)(F)F,O(C(=O)C(C[*])[*])CCOC(C(F)(F)F)(C(F)(F)F)C(F)(F)F,O(C(=O)C(C[*])[*])CCOC,O(C(=O)C(C[*])[*])CCO,O(C(=O)C(C[*])[*])CC[S](C)=O,0.0,0.4,0.15,0.1,0.05,0.3,0.274989821,,
169,C(OC(=O)C(C[*])[*])C(F)(F)F,O(C(=O)C(C[*])[*])CCOC(C(F)(F)F)C(F)(F)F,O(C(=O)C(C[*])[*])CCOC(C(F)(F)F)(C(F)(F)F)C(F)(F)F,O(C(=O)C(C[*])[*])CCOC,O(C(=O)C(C[*])[*])CCO,O(C(=O)C(C[*])[*])CC[S](C)=O,0.0,0.4,0.15,0.2,0.25,0.0,0.25291922,,
170,C(OC(=O)C(C[*])[*])C(F)(F)F,O(C(=O)C(C[*])[*])CCOC(C(F)(F)F)C(F)(F)F,O(C(=O)C(C[*])[*])CCOC(C(F)(F)F)(C(F)(F)F)C(F)(F)F,O(C(=O)C(C[*])[*])CCOC,O(C(=O)C(C[*])[*])CCO,O(C(=O)C(C[*])[*])CC[S](C)=O,0.0,0.4,0.2,0.4,0.0,0.0,0.218390805,7900.0,1.21
171,C(OC(=O)C(C[*])[*])C(F)(F)F,O(C(=O)C(C[*])[*])CCOC(C(F)(F)F)C(F)(F)F,O(C(=O)C(C[*])[*])CCOC(C(F)(F)F)(C(F)(F)F)C(F)(F)F,O(C(=O)C(C[*])[*])CCOC,O(C(=O)C(C[*])[*])CCO,O(C(=O)C(C[*])[*])CC[S](C)=O,0.0,0.4,0.25,0.25,0.1,0.0,0.274610851,,
172,C(OC(=O)C(C[*])[*])C(F)(F)F,O(C(=O)C(C[*])[*])CCOC(C(F)(F)F)C(F)(F)F,O(C(=O)C(C[*])[*])CCOC(C(F)(F)F)(C(F)(F)F)C(F)(F)F,O(C(=O)C(C[*])[*])CCOC,O(C(=O)C(C[*])[*])CCO,O(C(=O)C(C[*])[*])CC[S](C)=O,0.0,0.4,0.3,0.3,0.0,0.0,0.276199,,
173,C(OC(=O)C(C[*])[*])C(F)(F)F,O(C(=O)C(C[*])[*])CCOC(C(F)(F)F)C(F)(F)F,O(C(=O)C(C[*])[*])CCOC(C(F)(F)F)(C(F)(F)F)C(F)(F)F,O(C(=O)C(C[*])[*])CCOC,O(C(=O)C(C[*])[*])CCO,O(C(=O)C(C[*])[*])CC[S](C)=O,0.0,0.45,0.0,0.1,0.15,0.3,0.219346067,7400.0,1.19
174,C(OC(=O)C(C[*])[*])C(F)(F)F,O(C(=O)C(C[*])[*])CCOC(C(F)(F)F)C(F)(F)F,O(C(=O)C(C[*])[*])CCOC(C(F)(F)F)(C(F)(F)F)C(F)(F)F,O(C(=O)C(C[*])[*])CCOC,O(C(=O)C(C[*])[*])CCO,O(C(=O)C(C[*])[*])CC[S](C)=O,0.0,0.45,0.0,0.25,0.05,0.25,0.179267832,,
175,C(OC(=O)C(C[*])[*])C(F)(F)F,O(C(=O)C(C[*])[*])CCOC(C(F)(F)F)C(F)(F)F,O(C(=O)C(C[*])[*])CCOC(C(F)(F)F)(C(F)(F)F)C(F)(F)F,O(C(=O)C(C[*])[*])CCOC,O(C(=O)C(C[*])[*])CCO,O(C(=O)C(C[*])[*])CC[S](C)=O,0.0,0.45,0.05,0.3,0.0,0.2,0.191230248,6700.0,1.2
176,C(OC(=O)C(C[*])[*])C(F)(F)F,O(C(=O)C(C[*])[*])CCOC(C(F)(F)F)C(F)(F)F,O(C(=O)C(C[*])[*])CCOC(C(F)(F)F)(C(F)(F)F)C(F)(F)F,O(C(=O)C(C[*])[*])CCOC,O(C(=O)C(C[*])[*])CCO,O(C(=O)C(C[*])[*])CC[S](C)=O,0.0,0.45,0.05,0.35,0.0,0.15,0.181985973,8200.0,1.17
177,C(OC(=O)C(C[*])[*])C(F)(F)F,O(C(=O)C(C[*])[*])CCOC(C(F)(F)F)C(F)(F)F,O(C(=O)C(C[*])[*])CCOC(C(F)(F)F)(C(F)(F)F)C(F)(F)F,O(C(=O)C(C[*])[*])CCOC,O(C(=O)C(C[*])[*])CCO,O(C(=O)C(C[*])[*])CC[S](C)=O,0.0,0.45,0.05,0.35,0.05,0.1,0.183265712,,
178,C(OC(=O)C(C[*])[*])C(F)(F)F,O(C(=O)C(C[*])[*])CCOC(C(F)(F)F)C(F)(F)F,O(C(=O)C(C[*])[*])CCOC(C(F)(F)F)(C(F)(F)F)C(F)(F)F,O(C(=O)C(C[*])[*])CCOC,O(C(=O)C(C[*])[*])CCO,O(C(=O)C(C[*])[*])CC[S](C)=O,0.0,0.45,0.05,0.4,0.05,0.05,0.174758302,7900.0,1.28
179,C(OC(=O)C(C[*])[*])C(F)(F)F,O(C(=O)C(C[*])[*])CCOC(C(F)(F)F)C(F)(F)F,O(C(=O)C(C[*])[*])CCOC(C(F)(F)F)(C(F)(F)F)C(F)(F)F,O(C(=O)C(C[*])[*])CCOC,O(C(=O)C(C[*])[*])CCO,O(C(=O)C(C[*])[*])CC[S](C)=O,0.0,0.45,0.15,0.35,0.0,0.05,0.222333622,,
180,C(OC(=O)C(C[*])[*])C(F)(F)F,O(C(=O)C(C[*])[*])CCOC(C(F)(F)F)C(F)(F)F,O(C(=O)C(C[*])[*])CCOC(C(F)(F)F)(C(F)(F)F)C(F)(F)F,O(C(=O)C(C[*])[*])CCOC,O(C(=O)C(C[*])[*])CCO,O(C(=O)C(C[*])[*])CC[S](C)=O,0.0,0.45,0.25,0.25,0.0,0.05,0.283680028,,
181,C(OC(=O)C(C[*])[*])C(F)(F)F,O(C(=O)C(C[*])[*])CCOC(C(F)(F)F)C(F)(F)F,O(C(=O)C(C[*])[*])CCOC(C(F)(F)F)(C(F)(F)F)C(F)(F)F,O(C(=O)C(C[*])[*])CCOC,O(C(=O)C(C[*])[*])CCO,O(C(=O)C(C[*])[*])CC[S](C)=O,0.0,0.45,0.25,0.3,0.0,0.0,0.270699285,,
182,C(OC(=O)C(C[*])[*])C(F)(F)F,O(C(=O)C(C[*])[*])CCOC(C(F)(F)F)C(F)(F)F,O(C(=O)C(C[*])[*])CCOC(C(F)(F)F)(C(F)(F)F)C(F)(F)F,O(C(=O)C(C[*])[*])CCOC,O(C(=O)C(C[*])[*])CCO,O(C(=O)C(C[*])[*])CC[S](C)=O,0.0,0.5,0.0,0.0,0.0,0.5,0.266125079,,
183,C(OC(=O)C(C[*])[*])C(F)(F)F,O(C(=O)C(C[*])[*])CCOC(C(F)(F)F)C(F)(F)F,O(C(=O)C(C[*])[*])CCOC(C(F)(F)F)(C(F)(F)F)C(F)(F)F,O(C(=O)C(C[*])[*])CCOC,O(C(=O)C(C[*])[*])CCO,O(C(=O)C(C[*])[*])CC[S](C)=O,0.0,0.5,0.0,0.0,0.15,0.35,0.27496979,,
184,C(OC(=O)C(C[*])[*])C(F)(F)F,O(C(=O)C(C[*])[*])CCOC(C(F)(F)F)C(F)(F)F,O(C(=O)C(C[*])[*])CCOC(C(F)(F)F)(C(F)(F)F)C(F)(F)F,O(C(=O)C(C[*])[*])CCOC,O(C(=O)C(C[*])[*])CCO,O(C(=O)C(C[*])[*])CC[S](C)=O,0.0,0.5,0.0,0.0,0.2,0.3,0.278050137,,
185,C(OC(=O)C(C[*])[*])C(F)(F)F,O(C(=O)C(C[*])[*])CCOC(C(F)(F)F)C(F)(F)F,O(C(=O)C(C[*])[*])CCOC(C(F)(F)F)(C(F)(F)F)C(F)(F)F,O(C(=O)C(C[*])[*])CCOC,O(C(=O)C(C[*])[*])CCO,O(C(=O)C(C[*])[*])CC[S](C)=O,0.0,0.5,0.0,0.0,0.25,0.25,0.281200281,,
186,C(OC(=O)C(C[*])[*])C(F)(F)F,O(C(=O)C(C[*])[*])CCOC(C(F)(F)F)C(F)(F)F,O(C(=O)C(C[*])[*])CCOC(C(F)(F)F)(C(F)(F)F)C(F)(F)F,O(C(=O)C(C[*])[*])CCOC,O(C(=O)C(C[*])[*])CCO,O(C(=O)C(C[*])[*])CC[S](C)=O,0.0,0.5,0.0,0.0,0.3,0.2,0.284422622,,
187,C(OC(=O)C(C[*])[*])C(F)(F)F,O(C(=O)C(C[*])[*])CCOC(C(F)(F)F)C(F)(F)F,O(C(=O)C(C[*])[*])CCOC(C(F)(F)F)(C(F)(F)F)C(F)(F)F,O(C(=O)C(C[*])[*])CCOC,O(C(=O)C(C[*])[*])CCO,O(C(=O)C(C[*])[*])CC[S](C)=O,0.0,0.5,0.0,0.05,0.2,0.25,0.258038814,,
188,C(OC(=O)C(C[*])[*])C(F)(F)F,O(C(=O)C(C[*])[*])CCOC(C(F)(F)F)C(F)(F)F,O(C(=O)C(C[*])[*])CCOC(C(F)(F)F)(C(F)(F)F)C(F)(F)F,O(C(=O)C(C[*])[*])CCOC,O(C(=O)C(C[*])[*])CCO,O(C(=O)C(C[*])[*])CC[S](C)=O,0.0,0.5,0.0,0.1,0.1,0.3,0.236134356,,
189,C(OC(=O)C(C[*])[*])C(F)(F)F,O(C(=O)C(C[*])[*])CCOC(C(F)(F)F)C(F)(F)F,O(C(=O)C(C[*])[*])CCOC(C(F)(F)F)(C(F)(F)F)C(F)(F)F,O(C(=O)C(C[*])[*])CCOC,O(C(=O)C(C[*])[*])CCO,O(C(=O)C(C[*])[*])CC[S](C)=O,0.0,0.5,0.0,0.15,0.1,0.25,0.221543341,,
190,C(OC(=O)C(C[*])[*])C(F)(F)F,O(C(=O)C(C[*])[*])CCOC(C(F)(F)F)C(F)(F)F,O(C(=O)C(C[*])[*])CCOC(C(F)(F)F)(C(F)(F)F)C(F)(F)F,O(C(=O)C(C[*])[*])CCOC,O(C(=O)C(C[*])[*])CCO,O(C(=O)C(C[*])[*])CC[S](C)=O,0.0,0.5,0.0,0.15,0.1,0.25,0.221543341,,
191,C(OC(=O)C(C[*])[*])C(F)(F)F,O(C(=O)C(C[*])[*])CCOC(C(F)(F)F)C(F)(F)F,O(C(=O)C(C[*])[*])CCOC(C(F)(F)F)(C(F)(F)F)C(F)(F)F,O(C(=O)C(C[*])[*])CCOC,O(C(=O)C(C[*])[*])CCO,O(C(=O)C(C[*])[*])CC[S](C)=O,0.0,0.5,0.0,0.15,0.1,0.25,0.221543341,,
192,C(OC(=O)C(C[*])[*])C(F)(F)F,O(C(=O)C(C[*])[*])CCOC(C(F)(F)F)C(F)(F)F,O(C(=O)C(C[*])[*])CCOC(C(F)(F)F)(C(F)(F)F)C(F)(F)F,O(C(=O)C(C[*])[*])CCOC,O(C(=O)C(C[*])[*])CCO,O(C(=O)C(C[*])[*])CC[S](C)=O,0.0,0.5,0.0,0.15,0.1,0.25,0.221543341,,
193,C(OC(=O)C(C[*])[*])C(F)(F)F,O(C(=O)C(C[*])[*])CCOC(C(F)(F)F)C(F)(F)F,O(C(=O)C(C[*])[*])CCOC(C(F)(F)F)(C(F)(F)F)C(F)(F)F,O(C(=O)C(C[*])[*])CCOC,O(C(=O)C(C[*])[*])CCO,O(C(=O)C(C[*])[*])CC[S](C)=O,0.0,0.5,0.0,0.15,0.1,0.25,0.221543341,,
194,C(OC(=O)C(C[*])[*])C(F)(F)F,O(C(=O)C(C[*])[*])CCOC(C(F)(F)F)C(F)(F)F,O(C(=O)C(C[*])[*])CCOC(C(F)(F)F)(C(F)(F)F)C(F)(F)F,O(C(=O)C(C[*])[*])CCOC,O(C(=O)C(C[*])[*])CCO,O(C(=O)C(C[*])[*])CC[S](C)=O,0.0,0.5,0.0,0.15,0.35,0.0,0.231892548,,
195,C(OC(=O)C(C[*])[*])C(F)(F)F,O(C(=O)C(C[*])[*])CCOC(C(F)(F)F)C(F)(F)F,O(C(=O)C(C[*])[*])CCOC(C(F)(F)F)(C(F)(F)F)C(F)(F)F,O(C(=O)C(C[*])[*])CCOC,O(C(=O)C(C[*])[*])CCO,O(C(=O)C(C[*])[*])CC[S](C)=O,0.0,0.5,0.0,0.2,0.3,0.0,0.215910727,7200.0,1.26
196,C(OC(=O)C(C[*])[*])C(F)(F)F,O(C(=O)C(C[*])[*])CCOC(C(F)(F)F)C(F)(F)F,O(C(=O)C(C[*])[*])CCOC(C(F)(F)F)(C(F)(F)F)C(F)(F)F,O(C(=O)C(C[*])[*])CCOC,O(C(=O)C(C[*])[*])CCO,O(C(=O)C(C[*])[*])CC[S](C)=O,0.0,0.5,0.0,0.35,0.1,0.05,0.177637607,7500.0,1.21
197,C(OC(=O)C(C[*])[*])C(F)(F)F,O(C(=O)C(C[*])[*])CCOC(C(F)(F)F)C(F)(F)F,O(C(=O)C(C[*])[*])CCOC(C(F)(F)F)(C(F)(F)F)C(F)(F)F,O(C(=O)C(C[*])[*])CCOC,O(C(=O)C(C[*])[*])CCO,O(C(=O)C(C[*])[*])CC[S](C)=O,0.0,0.5,0.0,0.5,0.0,0.0,0.152747444,,
198,C(OC(=O)C(C[*])[*])C(F)(F)F,O(C(=O)C(C[*])[*])CCOC(C(F)(F)F)C(F)(F)F,O(C(=O)C(C[*])[*])CCOC(C(F)(F)F)(C(F)(F)F)C(F)(F)F,O(C(=O)C(C[*])[*])CCOC,O(C(=O)C(C[*])[*])CCO,O(C(=O)C(C[*])[*])CC[S](C)=O,0.0,0.5,0.0,0.5,0.0,0.0,0.152747444,,
199,C(OC(=O)C(C[*])[*])C(F)(F)F,O(C(=O)C(C[*])[*])CCOC(C(F)(F)F)C(F)(F)F,O(C(=O)C(C[*])[*])CCOC(C(F)(F)F)(C(F)(F)F)C(F)(F)F,O(C(=O)C(C[*])[*])CCOC,O(C(=O)C(C[*])[*])CCO,O(C(=O)C(C[*])[*])CC[S](C)=O,0.0,0.5,0.0,0.5,0.0,0.0,0.152747444,,
200,C(OC(=O)C(C[*])[*])C(F)(F)F,O(C(=O)C(C[*])[*])CCOC(C(F)(F)F)C(F)(F)F,O(C(=O)C(C[*])[*])CCOC(C(F)(F)F)(C(F)(F)F)C(F)(F)F,O(C(=O)C(C[*])[*])CCOC,O(C(=O)C(C[*])[*])CCO,O(C(=O)C(C[*])[*])CC[S](C)=O,0.0,0.5,0.0,0.5,0.0,0.0,0.152747444,,
201,C(OC(=O)C(C[*])[*])C(F)(F)F,O(C(=O)C(C[*])[*])CCOC(C(F)(F)F)C(F)(F)F,O(C(=O)C(C[*])[*])CCOC(C(F)(F)F)(C(F)(F)F)C(F)(F)F,O(C(=O)C(C[*])[*])CCOC,O(C(=O)C(C[*])[*])CCO,O(C(=O)C(C[*])[*])CC[S](C)=O,0.0,0.5,0.05,0.0,0.15,0.3,0.303598019,,
202,C(OC(=O)C(C[*])[*])C(F)(F)F,O(C(=O)C(C[*])[*])CCOC(C(F)(F)F)C(F)(F)F,O(C(=O)C(C[*])[*])CCOC(C(F)(F)F)(C(F)(F)F)C(F)(F)F,O(C(=O)C(C[*])[*])CCOC,O(C(=O)C(C[*])[*])CCO,O(C(=O)C(C[*])[*])CC[S](C)=O,0.0,0.5,0.05,0.0,0.2,0.25,0.30686191,,
203,C(OC(=O)C(C[*])[*])C(F)(F)F,O(C(=O)C(C[*])[*])CCOC(C(F)(F)F)C(F)(F)F,O(C(=O)C(C[*])[*])CCOC(C(F)(F)F)(C(F)(F)F)C(F)(F)F,O(C(=O)C(C[*])[*])CCOC,O(C(=O)C(C[*])[*])CCO,O(C(=O)C(C[*])[*])CC[S](C)=O,0.0,0.5,0.05,0.0,0.25,0.2,0.310196742,,
204,C(OC(=O)C(C[*])[*])C(F)(F)F,O(C(=O)C(C[*])[*])CCOC(C(F)(F)F)C(F)(F)F,O(C(=O)C(C[*])[*])CCOC(C(F)(F)F)(C(F)(F)F)C(F)(F)F,O(C(=O)C(C[*])[*])CCOC,O(C(=O)C(C[*])[*])CCO,O(C(=O)C(C[*])[*])CC[S](C)=O,0.0,0.5,0.05,0.1,0.15,0.2,0.264627694,,
205,C(OC(=O)C(C[*])[*])C(F)(F)F,O(C(=O)C(C[*])[*])CCOC(C(F)(F)F)C(F)(F)F,O(C(=O)C(C[*])[*])CCOC(C(F)(F)F)(C(F)(F)F)C(F)(F)F,O(C(=O)C(C[*])[*])CCOC,O(C(=O)C(C[*])[*])CCO,O(C(=O)C(C[*])[*])CC[S](C)=O,0.0,0.5,0.05,0.1,0.2,0.15,0.26710403,,
206,C(OC(=O)C(C[*])[*])C(F)(F)F,O(C(=O)C(C[*])[*])CCOC(C(F)(F)F)C(F)(F)F,O(C(=O)C(C[*])[*])CCOC(C(F)(F)F)(C(F)(F)F)C(F)(F)F,O(C(=O)C(C[*])[*])CCOC,O(C(=O)C(C[*])[*])CCO,O(C(=O)C(C[*])[*])CC[S](C)=O,0.0,0.5,0.05,0.15,0.15,0.15,0.248667986,,
207,C(OC(=O)C(C[*])[*])C(F)(F)F,O(C(=O)C(C[*])[*])CCOC(C(F)(F)F)C(F)(F)F,O(C(=O)C(C[*])[*])CCOC(C(F)(F)F)(C(F)(F)F)C(F)(F)F,O(C(=O)C(C[*])[*])CCOC,O(C(=O)C(C[*])[*])CCO,O(C(=O)C(C[*])[*])CC[S](C)=O,0.0,0.5,0.05,0.15,0.25,0.05,0.253077566,,
208,C(OC(=O)C(C[*])[*])C(F)(F)F,O(C(=O)C(C[*])[*])CCOC(C(F)(F)F)C(F)(F)F,O(C(=O)C(C[*])[*])CCOC(C(F)(F)F)(C(F)(F)F)C(F)(F)F,O(C(=O)C(C[*])[*])CCOC,O(C(=O)C(C[*])[*])CCO,O(C(=O)C(C[*])[*])CC[S](C)=O,0.0,0.5,0.05,0.2,0.0,0.25,0.228882092,8300.0,1.14
209,C(OC(=O)C(C[*])[*])C(F)(F)F,O(C(=O)C(C[*])[*])CCOC(C(F)(F)F)C(F)(F)F,O(C(=O)C(C[*])[*])CCOC(C(F)(F)F)(C(F)(F)F)C(F)(F)F,O(C(=O)C(C[*])[*])CCOC,O(C(=O)C(C[*])[*])CCO,O(C(=O)C(C[*])[*])CC[S](C)=O,0.0,0.5,0.05,0.2,0.2,0.05,0.236466743,,
210,C(OC(=O)C(C[*])[*])C(F)(F)F,O(C(=O)C(C[*])[*])CCOC(C(F)(F)F)C(F)(F)F,O(C(=O)C(C[*])[*])CCOC(C(F)(F)F)(C(F)(F)F)C(F)(F)F,O(C(=O)C(C[*])[*])CCOC,O(C(=O)C(C[*])[*])CCO,O(C(=O)C(C[*])[*])CC[S](C)=O,0.0,0.5,0.05,0.4,0.0,0.05,0.187294276,6300.0,1.39
211,C(OC(=O)C(C[*])[*])C(F)(F)F,O(C(=O)C(C[*])[*])CCOC(C(F)(F)F)C(F)(F)F,O(C(=O)C(C[*])[*])CCOC(C(F)(F)F)(C(F)(F)F)C(F)(F)F,O(C(=O)C(C[*])[*])CCOC,O(C(=O)C(C[*])[*])CCO,O(C(=O)C(C[*])[*])CC[S](C)=O,0.0,0.5,0.1,0.2,0.0,0.2,0.25118048,,
212,C(OC(=O)C(C[*])[*])C(F)(F)F,O(C(=O)C(C[*])[*])CCOC(C(F)(F)F)C(F)(F)F,O(C(=O)C(C[*])[*])CCOC(C(F)(F)F)(C(F)(F)F)C(F)(F)F,O(C(=O)C(C[*])[*])CCOC,O(C(=O)C(C[*])[*])CCO,O(C(=O)C(C[*])[*])CC[S](C)=O,0.0,0.5,0.1,0.25,0.05,0.1,0.240110042,,
213,C(OC(=O)C(C[*])[*])C(F)(F)F,O(C(=O)C(C[*])[*])CCOC(C(F)(F)F)C(F)(F)F,O(C(=O)C(C[*])[*])CCOC(C(F)(F)F)(C(F)(F)F)C(F)(F)F,O(C(=O)C(C[*])[*])CCOC,O(C(=O)C(C[*])[*])CCO,O(C(=O)C(C[*])[*])CC[S](C)=O,0.0,0.5,0.2,0.25,0.05,0.0,0.27989326,,
214,C(OC(=O)C(C[*])[*])C(F)(F)F,O(C(=O)C(C[*])[*])CCOC(C(F)(F)F)C(F)(F)F,O(C(=O)C(C[*])[*])CCOC(C(F)(F)F)(C(F)(F)F)C(F)(F)F,O(C(=O)C(C[*])[*])CCOC,O(C(=O)C(C[*])[*])CCO,O(C(=O)C(C[*])[*])CC[S](C)=O,0.0,0.55,0.0,0.0,0.3,0.15,0.304930685,,
215,C(OC(=O)C(C[*])[*])C(F)(F)F,O(C(=O)C(C[*])[*])CCOC(C(F)(F)F)C(F)(F)F,O(C(=O)C(C[*])[*])CCOC(C(F)(F)F)(C(F)(F)F)C(F)(F)F,O(C(=O)C(C[*])[*])CCOC,O(C(=O)C(C[*])[*])CCO,O(C(=O)C(C[*])[*])CC[S](C)=O,0.0,0.55,0.0,0.1,0.15,0.2,0.256645355,,
216,C(OC(=O)C(C[*])[*])C(F)(F)F,O(C(=O)C(C[*])[*])CCOC(C(F)(F)F)C(F)(F)F,O(C(=O)C(C[*])[*])CCOC(C(F)(F)F)(C(F)(F)F)C(F)(F)F,O(C(=O)C(C[*])[*])CCOC,O(C(=O)C(C[*])[*])CCO,O(C(=O)C(C[*])[*])CC[S](C)=O,0.0,0.55,0.0,0.1,0.2,0.15,0.259080739,,
217,C(OC(=O)C(C[*])[*])C(F)(F)F,O(C(=O)C(C[*])[*])CCOC(C(F)(F)F)C(F)(F)F,O(C(=O)C(C[*])[*])CCOC(C(F)(F)F)(C(F)(F)F)C(F)(F)F,O(C(=O)C(C[*])[*])CCOC,O(C(=O)C(C[*])[*])CCO,O(C(=O)C(C[*])[*])CC[S](C)=O,0.0,0.55,0.0,0.15,0.0,0.3,0.234749254,8200.0,1.14
218,C(OC(=O)C(C[*])[*])C(F)(F)F,O(C(=O)C(C[*])[*])CCOC(C(F)(F)F)C(F)(F)F,O(C(=O)C(C[*])[*])CCOC(C(F)(F)F)(C(F)(F)F)C(F)(F)F,O(C(=O)C(C[*])[*])CCOC,O(C(=O)C(C[*])[*])CCO,O(C(=O)C(C[*])[*])CC[S](C)=O,0.0,0.55,0.0,0.15,0.1,0.2,0.238856688,8500.0,1.13
219,C(OC(=O)C(C[*])[*])C(F)(F)F,O(C(=O)C(C[*])[*])CCOC(C(F)(F)F)C(F)(F)F,O(C(=O)C(C[*])[*])CCOC(C(F)(F)F)(C(F)(F)F)C(F)(F)F,O(C(=O)C(C[*])[*])CCOC,O(C(=O)C(C[*])[*])CCO,O(C(=O)C(C[*])[*])CC[S](C)=O,0.0,0.55,0.0,0.25,0.2,0.0,0.216428176,,
220,C(OC(=O)C(C[*])[*])C(F)(F)F,O(C(=O)C(C[*])[*])CCOC(C(F)(F)F)C(F)(F)F,O(C(=O)C(C[*])[*])CCOC(C(F)(F)F)(C(F)(F)F)C(F)(F)F,O(C(=O)C(C[*])[*])CCOC,O(C(=O)C(C[*])[*])CCO,O(C(=O)C(C[*])[*])CC[S](C)=O,0.0,0.55,0.0,0.25,0.2,0.0,0.216428176,,
221,C(OC(=O)C(C[*])[*])C(F)(F)F,O(C(=O)C(C[*])[*])CCOC(C(F)(F)F)C(F)(F)F,O(C(=O)C(C[*])[*])CCOC(C(F)(F)F)(C(F)(F)F)C(F)(F)F,O(C(=O)C(C[*])[*])CCOC,O(C(=O)C(C[*])[*])CCO,O(C(=O)C(C[*])[*])CC[S](C)=O,0.0,0.55,0.0,0.25,0.2,0.0,0.216428176,,
222,C(OC(=O)C(C[*])[*])C(F)(F)F,O(C(=O)C(C[*])[*])CCOC(C(F)(F)F)C(F)(F)F,O(C(=O)C(C[*])[*])CCOC(C(F)(F)F)(C(F)(F)F)C(F)(F)F,O(C(=O)C(C[*])[*])CCOC,O(C(=O)C(C[*])[*])CCO,O(C(=O)C(C[*])[*])CC[S](C)=O,0.0,0.55,0.0,0.25,0.2,0.0,0.216428176,8500.0,1.14
223,C(OC(=O)C(C[*])[*])C(F)(F)F,O(C(=O)C(C[*])[*])CCOC(C(F)(F)F)C(F)(F)F,O(C(=O)C(C[*])[*])CCOC(C(F)(F)F)(C(F)(F)F)C(F)(F)F,O(C(=O)C(C[*])[*])CCOC,O(C(=O)C(C[*])[*])CCO,O(C(=O)C(C[*])[*])CC[S](C)=O,0.0,0.55,0.0,0.25,0.2,0.0,0.216428176,,
224,C(OC(=O)C(C[*])[*])C(F)(F)F,O(C(=O)C(C[*])[*])CCOC(C(F)(F)F)C(F)(F)F,O(C(=O)C(C[*])[*])CCOC(C(F)(F)F)(C(F)(F)F)C(F)(F)F,O(C(=O)C(C[*])[*])CCOC,O(C(=O)C(C[*])[*])CCO,O(C(=O)C(C[*])[*])CC[S](C)=O,0.0,0.55,0.05,0.0,0.2,0.2,0.325597443,,
225,C(OC(=O)C(C[*])[*])C(F)(F)F,O(C(=O)C(C[*])[*])CCOC(C(F)(F)F)C(F)(F)F,O(C(=O)C(C[*])[*])CCOC(C(F)(F)F)(C(F)(F)F)C(F)(F)F,O(C(=O)C(C[*])[*])CCOC,O(C(=O)C(C[*])[*])CCO,O(C(=O)C(C[*])[*])CC[S](C)=O,0.0,0.55,0.05,0.0,0.25,0.15,0.329050671,,
226,C(OC(=O)C(C[*])[*])C(F)(F)F,O(C(=O)C(C[*])[*])CCOC(C(F)(F)F)C(F)(F)F,O(C(=O)C(C[*])[*])CCOC(C(F)(F)F)(C(F)(F)F)C(F)(F)F,O(C(=O)C(C[*])[*])CCOC,O(C(=O)C(C[*])[*])CCO,O(C(=O)C(C[*])[*])CC[S](C)=O,0.0,0.55,0.05,0.1,0.15,0.15,0.281708518,,
227,C(OC(=O)C(C[*])[*])C(F)(F)F,O(C(=O)C(C[*])[*])CCOC(C(F)(F)F)C(F)(F)F,O(C(=O)C(C[*])[*])CCOC(C(F)(F)F)(C(F)(F)F)C(F)(F)F,O(C(=O)C(C[*])[*])CCOC,O(C(=O)C(C[*])[*])CCO,O(C(=O)C(C[*])[*])CC[S](C)=O,0.0,0.55,0.05,0.15,0.25,0.0,0.269655522,,
228,C(OC(=O)C(C[*])[*])C(F)(F)F,O(C(=O)C(C[*])[*])CCOC(C(F)(F)F)C(F)(F)F,O(C(=O)C(C[*])[*])CCOC(C(F)(F)F)(C(F)(F)F)C(F)(F)F,O(C(=O)C(C[*])[*])CCOC,O(C(=O)C(C[*])[*])CCO,O(C(=O)C(C[*])[*])CC[S](C)=O,0.0,0.6,0.0,0.0,0.0,0.4,0.304522425,,
229,C(OC(=O)C(C[*])[*])C(F)(F)F,O(C(=O)C(C[*])[*])CCOC(C(F)(F)F)C(F)(F)F,O(C(=O)C(C[*])[*])CCOC(C(F)(F)F)(C(F)(F)F)C(F)(F)F,O(C(=O)C(C[*])[*])CCOC,O(C(=O)C(C[*])[*])CCO,O(C(=O)C(C[*])[*])CC[S](C)=O,0.0,0.6,0.0,0.05,0.2,0.15,0.295686607,,
230,C(OC(=O)C(C[*])[*])C(F)(F)F,O(C(=O)C(C[*])[*])CCOC(C(F)(F)F)C(F)(F)F,O(C(=O)C(C[*])[*])CCOC(C(F)(F)F)(C(F)(F)F)C(F)(F)F,O(C(=O)C(C[*])[*])CCOC,O(C(=O)C(C[*])[*])CCO,O(C(=O)C(C[*])[*])CC[S](C)=O,0.0,0.6,0.0,0.05,0.3,0.05,0.301676421,,
231,C(OC(=O)C(C[*])[*])C(F)(F)F,O(C(=O)C(C[*])[*])CCOC(C(F)(F)F)C(F)(F)F,O(C(=O)C(C[*])[*])CCOC(C(F)(F)F)(C(F)(F)F)C(F)(F)F,O(C(=O)C(C[*])[*])CCOC,O(C(=O)C(C[*])[*])CCO,O(C(=O)C(C[*])[*])CC[S](C)=O,0.0,0.6,0.0,0.15,0.05,0.2,0.253322544,,
232,C(OC(=O)C(C[*])[*])C(F)(F)F,O(C(=O)C(C[*])[*])CCOC(C(F)(F)F)C(F)(F)F,O(C(=O)C(C[*])[*])CCOC(C(F)(F)F)(C(F)(F)F)C(F)(F)F,O(C(=O)C(C[*])[*])CCOC,O(C(=O)C(C[*])[*])CCO,O(C(=O)C(C[*])[*])CC[S](C)=O,0.0,0.6,0.0,0.2,0.0,0.2,0.237330243,8000.0,1.17
233,C(OC(=O)C(C[*])[*])C(F)(F)F,O(C(=O)C(C[*])[*])CCOC(C(F)(F)F)C(F)(F)F,O(C(=O)C(C[*])[*])CCOC(C(F)(F)F)(C(F)(F)F)C(F)(F)F,O(C(=O)C(C[*])[*])CCOC,O(C(=O)C(C[*])[*])CCO,O(C(=O)C(C[*])[*])CC[S](C)=O,0.0,0.6,0.0,0.2,0.0,0.2,0.237330243,7800.0,1.18
234,C(OC(=O)C(C[*])[*])C(F)(F)F,O(C(=O)C(C[*])[*])CCOC(C(F)(F)F)C(F)(F)F,O(C(=O)C(C[*])[*])CCOC(C(F)(F)F)(C(F)(F)F)C(F)(F)F,O(C(=O)C(C[*])[*])CCOC,O(C(=O)C(C[*])[*])CCO,O(C(=O)C(C[*])[*])CC[S](C)=O,0.0,0.6,0.0,0.25,0.0,0.15,0.224923053,6900.0,1.27
235,C(OC(=O)C(C[*])[*])C(F)(F)F,O(C(=O)C(C[*])[*])CCOC(C(F)(F)F)C(F)(F)F,O(C(=O)C(C[*])[*])CCOC(C(F)(F)F)(C(F)(F)F)C(F)(F)F,O(C(=O)C(C[*])[*])CCOC,O(C(=O)C(C[*])[*])CCO,O(C(=O)C(C[*])[*])CC[S](C)=O,0.0,0.6,0.0,0.25,0.1,0.05,0.228372247,8500.0,1.14
236,C(OC(=O)C(C[*])[*])C(F)(F)F,O(C(=O)C(C[*])[*])CCOC(C(F)(F)F)C(F)(F)F,O(C(=O)C(C[*])[*])CCOC(C(F)(F)F)(C(F)(F)F)C(F)(F)F,O(C(=O)C(C[*])[*])CCOC,O(C(=O)C(C[*])[*])CCO,O(C(=O)C(C[*])[*])CC[S](C)=O,0.0,0.6,0.0,0.4,0.0,0.0,0.194429758,,
237,C(OC(=O)C(C[*])[*])C(F)(F)F,O(C(=O)C(C[*])[*])CCOC(C(F)(F)F)C(F)(F)F,O(C(=O)C(C[*])[*])CCOC(C(F)(F)F)(C(F)(F)F)C(F)(F)F,O(C(=O)C(C[*])[*])CCOC,O(C(=O)C(C[*])[*])CCO,O(C(=O)C(C[*])[*])CC[S](C)=O,0.0,0.6,0.05,0.0,0.2,0.15,0.343460853,,
238,C(OC(=O)C(C[*])[*])C(F)(F)F,O(C(=O)C(C[*])[*])CCOC(C(F)(F)F)C(F)(F)F,O(C(=O)C(C[*])[*])CCOC(C(F)(F)F)(C(F)(F)F)C(F)(F)F,O(C(=O)C(C[*])[*])CCOC,O(C(=O)C(C[*])[*])CCO,O(C(=O)C(C[*])[*])CC[S](C)=O,0.0,0.6,0.05,0.05,0.05,0.25,0.311752397,,
239,C(OC(=O)C(C[*])[*])C(F)(F)F,O(C(=O)C(C[*])[*])CCOC(C(F)(F)F)C(F)(F)F,O(C(=O)C(C[*])[*])CCOC(C(F)(F)F)(C(F)(F)F)C(F)(F)F,O(C(=O)C(C[*])[*])CCOC,O(C(=O)C(C[*])[*])CCO,O(C(=O)C(C[*])[*])CC[S](C)=O,0.0,0.6,0.05,0.2,0.0,0.15,0.259247156,7400.0,1.11
240,C(OC(=O)C(C[*])[*])C(F)(F)F,O(C(=O)C(C[*])[*])CCOC(C(F)(F)F)C(F)(F)F,O(C(=O)C(C[*])[*])CCOC(C(F)(F)F)(C(F)(F)F)C(F)(F)F,O(C(=O)C(C[*])[*])CCOC,O(C(=O)C(C[*])[*])CCO,O(C(=O)C(C[*])[*])CC[S](C)=O,0.0,0.6,0.1,0.25,0.05,0.0,0.267993574,,
241,C(OC(=O)C(C[*])[*])C(F)(F)F,O(C(=O)C(C[*])[*])CCOC(C(F)(F)F)C(F)(F)F,O(C(=O)C(C[*])[*])CCOC(C(F)(F)F)(C(F)(F)F)C(F)(F)F,O(C(=O)C(C[*])[*])CCOC,O(C(=O)C(C[*])[*])CCO,O(C(=O)C(C[*])[*])CC[S](C)=O,0.0,0.65,0.0,0.0,0.15,0.2,0.332377915,,
242,C(OC(=O)C(C[*])[*])C(F)(F)F,O(C(=O)C(C[*])[*])CCOC(C(F)(F)F)C(F)(F)F,O(C(=O)C(C[*])[*])CCOC(C(F)(F)F)(C(F)(F)F)C(F)(F)F,O(C(=O)C(C[*])[*])CCOC,O(C(=O)C(C[*])[*])CCO,O(C(=O)C(C[*])[*])CC[S](C)=O,0.0,0.65,0.0,0.15,0.0,0.2,0.267005378,,
243,C(OC(=O)C(C[*])[*])C(F)(F)F,O(C(=O)C(C[*])[*])CCOC(C(F)(F)F)C(F)(F)F,O(C(=O)C(C[*])[*])CCOC(C(F)(F)F)(C(F)(F)F)C(F)(F)F,O(C(=O)C(C[*])[*])CCOC,O(C(=O)C(C[*])[*])CCO,O(C(=O)C(C[*])[*])CC[S](C)=O,0.0,0.65,0.0,0.15,0.05,0.15,0.269233285,,
244,C(OC(=O)C(C[*])[*])C(F)(F)F,O(C(=O)C(C[*])[*])CCOC(C(F)(F)F)C(F)(F)F,O(C(=O)C(C[*])[*])CCOC(C(F)(F)F)(C(F)(F)F)C(F)(F)F,O(C(=O)C(C[*])[*])CCOC,O(C(=O)C(C[*])[*])CCO,O(C(=O)C(C[*])[*])CC[S](C)=O,0.0,0.65,0.0,0.2,0.0,0.15,0.252538592,,
245,C(OC(=O)C(C[*])[*])C(F)(F)F,O(C(=O)C(C[*])[*])CCOC(C(F)(F)F)C(F)(F)F,O(C(=O)C(C[*])[*])CCOC(C(F)(F)F)(C(F)(F)F)C(F)(F)F,O(C(=O)C(C[*])[*])CCOC,O(C(=O)C(C[*])[*])CCO,O(C(=O)C(C[*])[*])CC[S](C)=O,0.0,0.65,0.0,0.25,0.0,0.1,0.239558901,,
246,C(OC(=O)C(C[*])[*])C(F)(F)F,O(C(=O)C(C[*])[*])CCOC(C(F)(F)F)C(F)(F)F,O(C(=O)C(C[*])[*])CCOC(C(F)(F)F)(C(F)(F)F)C(F)(F)F,O(C(=O)C(C[*])[*])CCOC,O(C(=O)C(C[*])[*])CCO,O(C(=O)C(C[*])[*])CC[S](C)=O,0.0,0.65,0.0,0.25,0.1,0.0,0.243169672,,
247,C(OC(=O)C(C[*])[*])C(F)(F)F,O(C(=O)C(C[*])[*])CCOC(C(F)(F)F)C(F)(F)F,O(C(=O)C(C[*])[*])CCOC(C(F)(F)F)(C(F)(F)F)C(F)(F)F,O(C(=O)C(C[*])[*])CCOC,O(C(=O)C(C[*])[*])CCO,O(C(=O)C(C[*])[*])CC[S](C)=O,0.0,0.65,0.05,0.0,0.05,0.25,0.34999386,,
248,C(OC(=O)C(C[*])[*])C(F)(F)F,O(C(=O)C(C[*])[*])CCOC(C(F)(F)F)C(F)(F)F,O(C(=O)C(C[*])[*])CCOC(C(F)(F)F)(C(F)(F)F)C(F)(F)F,O(C(=O)C(C[*])[*])CCOC,O(C(=O)C(C[*])[*])CCO,O(C(=O)C(C[*])[*])CC[S](C)=O,0.0,0.65,0.05,0.25,0.0,0.05,0.259960023,,
249,C(OC(=O)C(C[*])[*])C(F)(F)F,O(C(=O)C(C[*])[*])CCOC(C(F)(F)F)C(F)(F)F,O(C(=O)C(C[*])[*])CCOC(C(F)(F)F)(C(F)(F)F)C(F)(F)F,O(C(=O)C(C[*])[*])CCOC,O(C(=O)C(C[*])[*])CCO,O(C(=O)C(C[*])[*])CC[S](C)=O,0.0,0.7,0.0,0.0,0.15,0.15,0.349764523,,
250,C(OC(=O)C(C[*])[*])C(F)(F)F,O(C(=O)C(C[*])[*])CCOC(C(F)(F)F)C(F)(F)F,O(C(=O)C(C[*])[*])CCOC(C(F)(F)F)(C(F)(F)F)C(F)(F)F,O(C(=O)C(C[*])[*])CCOC,O(C(=O)C(C[*])[*])CCO,O(C(=O)C(C[*])[*])CC[S](C)=O,0.0,0.7,0.0,0.0,0.3,0.0,0.360655145,,
251,C(OC(=O)C(C[*])[*])C(F)(F)F,O(C(=O)C(C[*])[*])CCOC(C(F)(F)F)C(F)(F)F,O(C(=O)C(C[*])[*])CCOC(C(F)(F)F)(C(F)(F)F)C(F)(F)F,O(C(=O)C(C[*])[*])CCOC,O(C(=O)C(C[*])[*])CCO,O(C(=O)C(C[*])[*])CC[S](C)=O,0.0,0.7,0.0,0.15,0.05,0.1,0.284552338,,
252,C(OC(=O)C(C[*])[*])C(F)(F)F,O(C(=O)C(C[*])[*])CCOC(C(F)(F)F)C(F)(F)F,O(C(=O)C(C[*])[*])CCOC(C(F)(F)F)(C(F)(F)F)C(F)(F)F,O(C(=O)C(C[*])[*])CCOC,O(C(=O)C(C[*])[*])CCO,O(C(=O)C(C[*])[*])CC[S](C)=O,0.0,0.7,0.0,0.25,0.05,0.0,0.255575501,,
253,C(OC(=O)C(C[*])[*])C(F)(F)F,O(C(=O)C(C[*])[*])CCOC(C(F)(F)F)C(F)(F)F,O(C(=O)C(C[*])[*])CCOC(C(F)(F)F)(C(F)(F)F)C(F)(F)F,O(C(=O)C(C[*])[*])CCOC,O(C(=O)C(C[*])[*])CCO,O(C(=O)C(C[*])[*])CC[S](C)=O,0.0,0.75,0.0,0.15,0.05,0.05,0.299312107,,
254,C(OC(=O)C(C[*])[*])C(F)(F)F,O(C(=O)C(C[*])[*])CCOC(C(F)(F)F)C(F)(F)F,O(C(=O)C(C[*])[*])CCOC(C(F)(F)F)(C(F)(F)F)C(F)(F)F,O(C(=O)C(C[*])[*])CCOC,O(C(=O)C(C[*])[*])CCO,O(C(=O)C(C[*])[*])CC[S](C)=O,0.0,0.75,0.0,0.2,0.0,0.05,0.281389306,,
255,C(OC(=O)C(C[*])[*])C(F)(F)F,O(C(=O)C(C[*])[*])CCOC(C(F)(F)F)C(F)(F)F,O(C(=O)C(C[*])[*])CCOC(C(F)(F)F)(C(F)(F)F)C(F)(F)F,O(C(=O)C(C[*])[*])CCOC,O(C(=O)C(C[*])[*])CCO,O(C(=O)C(C[*])[*])CC[S](C)=O,0.05,0.0,0.4,0.3,0.1,0.15,0.22171569,7700.0,1.16
256,C(OC(=O)C(C[*])[*])C(F)(F)F,O(C(=O)C(C[*])[*])CCOC(C(F)(F)F)C(F)(F)F,O(C(=O)C(C[*])[*])CCOC(C(F)(F)F)(C(F)(F)F)C(F)(F)F,O(C(=O)C(C[*])[*])CCOC,O(C(=O)C(C[*])[*])CCO,O(C(=O)C(C[*])[*])CC[S](C)=O,0.05,0.0,0.4,0.45,0.05,0.05,0.191868544,7600.0,1.26
257,C(OC(=O)C(C[*])[*])C(F)(F)F,O(C(=O)C(C[*])[*])CCOC(C(F)(F)F)C(F)(F)F,O(C(=O)C(C[*])[*])CCOC(C(F)(F)F)(C(F)(F)F)C(F)(F)F,O(C(=O)C(C[*])[*])CCOC,O(C(=O)C(C[*])[*])CCO,O(C(=O)C(C[*])[*])CC[S](C)=O,0.05,0.0,0.45,0.1,0.1,0.3,0.299571478,,
258,C(OC(=O)C(C[*])[*])C(F)(F)F,O(C(=O)C(C[*])[*])CCOC(C(F)(F)F)C(F)(F)F,O(C(=O)C(C[*])[*])CCOC(C(F)(F)F)(C(F)(F)F)C(F)(F)F,O(C(=O)C(C[*])[*])CCOC,O(C(=O)C(C[*])[*])CCO,O(C(=O)C(C[*])[*])CC[S](C)=O,0.05,0.0,0.6,0.35,0.0,0.0,0.280222211,,
259,C(OC(=O)C(C[*])[*])C(F)(F)F,O(C(=O)C(C[*])[*])CCOC(C(F)(F)F)C(F)(F)F,O(C(=O)C(C[*])[*])CCOC(C(F)(F)F)(C(F)(F)F)C(F)(F)F,O(C(=O)C(C[*])[*])CCOC,O(C(=O)C(C[*])[*])CCO,O(C(=O)C(C[*])[*])CC[S](C)=O,0.05,0.05,0.05,0.8,0.05,0.0,0.03999593,8520.0,1.25
260,C(OC(=O)C(C[*])[*])C(F)(F)F,O(C(=O)C(C[*])[*])CCOC(C(F)(F)F)C(F)(F)F,O(C(=O)C(C[*])[*])CCOC(C(F)(F)F)(C(F)(F)F)C(F)(F)F,O(C(=O)C(C[*])[*])CCOC,O(C(=O)C(C[*])[*])CCO,O(C(=O)C(C[*])[*])CC[S](C)=O,0.05,0.05,0.25,0.3,0.2,0.15,0.173232388,,
261,C(OC(=O)C(C[*])[*])C(F)(F)F,O(C(=O)C(C[*])[*])CCOC(C(F)(F)F)C(F)(F)F,O(C(=O)C(C[*])[*])CCOC(C(F)(F)F)(C(F)(F)F)C(F)(F)F,O(C(=O)C(C[*])[*])CCOC,O(C(=O)C(C[*])[*])CCO,O(C(=O)C(C[*])[*])CC[S](C)=O,0.05,0.05,0.45,0.2,0.0,0.25,0.277611824,,
262,C(OC(=O)C(C[*])[*])C(F)(F)F,O(C(=O)C(C[*])[*])CCOC(C(F)(F)F)C(F)(F)F,O(C(=O)C(C[*])[*])CCOC(C(F)(F)F)(C(F)(F)F)C(F)(F)F,O(C(=O)C(C[*])[*])CCOC,O(C(=O)C(C[*])[*])CCO,O(C(=O)C(C[*])[*])CC[S](C)=O,0.05,0.05,0.5,0.4,0.0,0.0,0.247375661,,
263,C(OC(=O)C(C[*])[*])C(F)(F)F,O(C(=O)C(C[*])[*])CCOC(C(F)(F)F)C(F)(F)F,O(C(=O)C(C[*])[*])CCOC(C(F)(F)F)(C(F)(F)F)C(F)(F)F,O(C(=O)C(C[*])[*])CCOC,O(C(=O)C(C[*])[*])CCO,O(C(=O)C(C[*])[*])CC[S](C)=O,0.05,0.1,0.2,0.25,0.4,0.0,0.181020327,6900.0,1.17
264,C(OC(=O)C(C[*])[*])C(F)(F)F,O(C(=O)C(C[*])[*])CCOC(C(F)(F)F)C(F)(F)F,O(C(=O)C(C[*])[*])CCOC(C(F)(F)F)(C(F)(F)F)C(F)(F)F,O(C(=O)C(C[*])[*])CCOC,O(C(=O)C(C[*])[*])CCO,O(C(=O)C(C[*])[*])CC[S](C)=O,0.05,0.1,0.35,0.2,0.3,0.0,0.262589501,,
265,C(OC(=O)C(C[*])[*])C(F)(F)F,O(C(=O)C(C[*])[*])CCOC(C(F)(F)F)C(F)(F)F,O(C(=O)C(C[*])[*])CCOC(C(F)(F)F)(C(F)(F)F)C(F)(F)F,O(C(=O)C(C[*])[*])CCOC,O(C(=O)C(C[*])[*])CCO,O(C(=O)C(C[*])[*])CC[S](C)=O,0.05,0.1,0.35,0.3,0.2,0.0,0.232595734,7600.0,1.18
266,C(OC(=O)C(C[*])[*])C(F)(F)F,O(C(=O)C(C[*])[*])CCOC(C(F)(F)F)C(F)(F)F,O(C(=O)C(C[*])[*])CCOC(C(F)(F)F)(C(F)(F)F)C(F)(F)F,O(C(=O)C(C[*])[*])CCOC,O(C(=O)C(C[*])[*])CCO,O(C(=O)C(C[*])[*])CC[S](C)=O,0.05,0.1,0.55,0.1,0.2,0.0,0.37416241,,
267,C(OC(=O)C(C[*])[*])C(F)(F)F,O(C(=O)C(C[*])[*])CCOC(C(F)(F)F)C(F)(F)F,O(C(=O)C(C[*])[*])CCOC(C(F)(F)F)(C(F)(F)F)C(F)(F)F,O(C(=O)C(C[*])[*])CCOC,O(C(=O)C(C[*])[*])CCO,O(C(=O)C(C[*])[*])CC[S](C)=O,0.05,0.2,0.3,0.05,0.4,0.0,0.332086839,,
268,C(OC(=O)C(C[*])[*])C(F)(F)F,O(C(=O)C(C[*])[*])CCOC(C(F)(F)F)C(F)(F)F,O(C(=O)C(C[*])[*])CCOC(C(F)(F)F)(C(F)(F)F)C(F)(F)F,O(C(=O)C(C[*])[*])CCOC,O(C(=O)C(C[*])[*])CCO,O(C(=O)C(C[*])[*])CC[S](C)=O,0.05,0.2,0.4,0.15,0.0,0.2,0.314428087,,
269,C(OC(=O)C(C[*])[*])C(F)(F)F,O(C(=O)C(C[*])[*])CCOC(C(F)(F)F)C(F)(F)F,O(C(=O)C(C[*])[*])CCOC(C(F)(F)F)(C(F)(F)F)C(F)(F)F,O(C(=O)C(C[*])[*])CCOC,O(C(=O)C(C[*])[*])CCO,O(C(=O)C(C[*])[*])CC[S](C)=O,0.05,0.25,0.15,0.35,0.2,0.0,0.180574035,6740.0,1.18
270,C(OC(=O)C(C[*])[*])C(F)(F)F,O(C(=O)C(C[*])[*])CCOC(C(F)(F)F)C(F)(F)F,O(C(=O)C(C[*])[*])CCOC(C(F)(F)F)(C(F)(F)F)C(F)(F)F,O(C(=O)C(C[*])[*])CCOC,O(C(=O)C(C[*])[*])CCO,O(C(=O)C(C[*])[*])CC[S](C)=O,0.05,0.4,0.05,0.15,0.05,0.3,0.221470173,,
271,C(OC(=O)C(C[*])[*])C(F)(F)F,O(C(=O)C(C[*])[*])CCOC(C(F)(F)F)C(F)(F)F,O(C(=O)C(C[*])[*])CCOC(C(F)(F)F)(C(F)(F)F)C(F)(F)F,O(C(=O)C(C[*])[*])CCOC,O(C(=O)C(C[*])[*])CCO,O(C(=O)C(C[*])[*])CC[S](C)=O,0.05,0.5,0.0,0.05,0.15,0.25,0.268631394,,
272,C(OC(=O)C(C[*])[*])C(F)(F)F,O(C(=O)C(C[*])[*])CCOC(C(F)(F)F)C(F)(F)F,O(C(=O)C(C[*])[*])CCOC(C(F)(F)F)(C(F)(F)F)C(F)(F)F,O(C(=O)C(C[*])[*])CCOC,O(C(=O)C(C[*])[*])CCO,O(C(=O)C(C[*])[*])CC[S](C)=O,0.05,0.5,0.0,0.1,0.0,0.35,0.243705298,,
273,C(OC(=O)C(C[*])[*])C(F)(F)F,O(C(=O)C(C[*])[*])CCOC(C(F)(F)F)C(F)(F)F,O(C(=O)C(C[*])[*])CCOC(C(F)(F)F)(C(F)(F)F)C(F)(F)F,O(C(=O)C(C[*])[*])CCOC,O(C(=O)C(C[*])[*])CCO,O(C(=O)C(C[*])[*])CC[S](C)=O,0.05,0.5,0.0,0.1,0.1,0.25,0.248350039,,
274,C(OC(=O)C(C[*])[*])C(F)(F)F,O(C(=O)C(C[*])[*])CCOC(C(F)(F)F)C(F)(F)F,O(C(=O)C(C[*])[*])CCOC(C(F)(F)F)(C(F)(F)F)C(F)(F)F,O(C(=O)C(C[*])[*])CCOC,O(C(=O)C(C[*])[*])CCO,O(C(=O)C(C[*])[*])CC[S](C)=O,0.05,0.5,0.0,0.1,0.15,0.2,0.25073944,,
275,C(OC(=O)C(C[*])[*])C(F)(F)F,O(C(=O)C(C[*])[*])CCOC(C(F)(F)F)C(F)(F)F,O(C(=O)C(C[*])[*])CCOC(C(F)(F)F)(C(F)(F)F)C(F)(F)F,O(C(=O)C(C[*])[*])CCOC,O(C(=O)C(C[*])[*])CCO,O(C(=O)C(C[*])[*])CC[S](C)=O,0.05,0.5,0.05,0.35,0.0,0.05,0.204981592,6900.0,1.3
276,C(OC(=O)C(C[*])[*])C(F)(F)F,O(C(=O)C(C[*])[*])CCOC(C(F)(F)F)C(F)(F)F,O(C(=O)C(C[*])[*])CCOC(C(F)(F)F)(C(F)(F)F)C(F)(F)F,O(C(=O)C(C[*])[*])CCOC,O(C(=O)C(C[*])[*])CCO,O(C(=O)C(C[*])[*])CC[S](C)=O,0.05,0.55,0.0,0.15,0.0,0.25,0.245785464,,
277,C(OC(=O)C(C[*])[*])C(F)(F)F,O(C(=O)C(C[*])[*])CCOC(C(F)(F)F)C(F)(F)F,O(C(=O)C(C[*])[*])CCOC(C(F)(F)F)(C(F)(F)F)C(F)(F)F,O(C(=O)C(C[*])[*])CCOC,O(C(=O)C(C[*])[*])CCO,O(C(=O)C(C[*])[*])CC[S](C)=O,0.05,0.55,0.0,0.2,0.0,0.2,0.231958216,,
278,C(OC(=O)C(C[*])[*])C(F)(F)F,O(C(=O)C(C[*])[*])CCOC(C(F)(F)F)C(F)(F)F,O(C(=O)C(C[*])[*])CCOC(C(F)(F)F)(C(F)(F)F)C(F)(F)F,O(C(=O)C(C[*])[*])CCOC,O(C(=O)C(C[*])[*])CCO,O(C(=O)C(C[*])[*])CC[S](C)=O,0.05,0.55,0.0,0.2,0.15,0.05,0.237754552,,
279,C(OC(=O)C(C[*])[*])C(F)(F)F,O(C(=O)C(C[*])[*])CCOC(C(F)(F)F)C(F)(F)F,O(C(=O)C(C[*])[*])CCOC(C(F)(F)F)(C(F)(F)F)C(F)(F)F,O(C(=O)C(C[*])[*])CCOC,O(C(=O)C(C[*])[*])CCO,O(C(=O)C(C[*])[*])CC[S](C)=O,0.05,0.6,0.0,0.25,0.0,0.1,0.234601498,8500.0,1.17
280,C(OC(=O)C(C[*])[*])C(F)(F)F,O(C(=O)C(C[*])[*])CCOC(C(F)(F)F)C(F)(F)F,O(C(=O)C(C[*])[*])CCOC(C(F)(F)F)(C(F)(F)F)C(F)(F)F,O(C(=O)C(C[*])[*])CCOC,O(C(=O)C(C[*])[*])CCO,O(C(=O)C(C[*])[*])CC[S](C)=O,0.05,0.6,0.0,0.25,0.1,0.0,0.238203893,,
281,C(OC(=O)C(C[*])[*])C(F)(F)F,O(C(=O)C(C[*])[*])CCOC(C(F)(F)F)C(F)(F)F,O(C(=O)C(C[*])[*])CCOC(C(F)(F)F)(C(F)(F)F)C(F)(F)F,O(C(=O)C(C[*])[*])CCOC,O(C(=O)C(C[*])[*])CCO,O(C(=O)C(C[*])[*])CC[S](C)=O,0.05,0.65,0.0,0.25,0.0,0.05,0.24909281,9400.0,1.09
282,C(OC(=O)C(C[*])[*])C(F)(F)F,O(C(=O)C(C[*])[*])CCOC(C(F)(F)F)C(F)(F)F,O(C(=O)C(C[*])[*])CCOC(C(F)(F)F)(C(F)(F)F)C(F)(F)F,O(C(=O)C(C[*])[*])CCOC,O(C(=O)C(C[*])[*])CCO,O(C(=O)C(C[*])[*])CC[S](C)=O,0.05,0.65,0.0,0.25,0.05,0.0,0.25095842,,
283,C(OC(=O)C(C[*])[*])C(F)(F)F,O(C(=O)C(C[*])[*])CCOC(C(F)(F)F)C(F)(F)F,O(C(=O)C(C[*])[*])CCOC(C(F)(F)F)(C(F)(F)F)C(F)(F)F,O(C(=O)C(C[*])[*])CCOC,O(C(=O)C(C[*])[*])CCO,O(C(=O)C(C[*])[*])CC[S](C)=O,0.05,0.7,0.0,0.1,0.0,0.15,0.310199425,,
284,C(OC(=O)C(C[*])[*])C(F)(F)F,O(C(=O)C(C[*])[*])CCOC(C(F)(F)F)C(F)(F)F,O(C(=O)C(C[*])[*])CCOC(C(F)(F)F)(C(F)(F)F)C(F)(F)F,O(C(=O)C(C[*])[*])CCOC,O(C(=O)C(C[*])[*])CCO,O(C(=O)C(C[*])[*])CC[S](C)=O,0.05,0.75,0.05,0.1,0.05,0.0,0.348593126,,
285,C(OC(=O)C(C[*])[*])C(F)(F)F,O(C(=O)C(C[*])[*])CCOC(C(F)(F)F)C(F)(F)F,O(C(=O)C(C[*])[*])CCOC(C(F)(F)F)(C(F)(F)F)C(F)(F)F,O(C(=O)C(C[*])[*])CCOC,O(C(=O)C(C[*])[*])CCO,O(C(=O)C(C[*])[*])CC[S](C)=O,0.1,0.0,0.0,0.0,0.7,0.2,0.044153872,5700.0,1.48
286,C(OC(=O)C(C[*])[*])C(F)(F)F,O(C(=O)C(C[*])[*])CCOC(C(F)(F)F)C(F)(F)F,O(C(=O)C(C[*])[*])CCOC(C(F)(F)F)(C(F)(F)F)C(F)(F)F,O(C(=O)C(C[*])[*])CCOC,O(C(=O)C(C[*])[*])CCO,O(C(=O)C(C[*])[*])CC[S](C)=O,0.1,0.0,0.0,0.9,0.0,0.0,0.012740021,,
287,C(OC(=O)C(C[*])[*])C(F)(F)F,O(C(=O)C(C[*])[*])CCOC(C(F)(F)F)C(F)(F)F,O(C(=O)C(C[*])[*])CCOC(C(F)(F)F)(C(F)(F)F)C(F)(F)F,O(C(=O)C(C[*])[*])CCOC,O(C(=O)C(C[*])[*])CCO,O(C(=O)C(C[*])[*])CC[S](C)=O,0.1,0.0,0.2,0.6,0.0,0.1,0.103239228,8200.0,1.3
288,C(OC(=O)C(C[*])[*])C(F)(F)F,O(C(=O)C(C[*])[*])CCOC(C(F)(F)F)C(F)(F)F,O(C(=O)C(C[*])[*])CCOC(C(F)(F)F)(C(F)(F)F)C(F)(F)F,O(C(=O)C(C[*])[*])CCOC,O(C(=O)C(C[*])[*])CCO,O(C(=O)C(C[*])[*])CC[S](C)=O,0.1,0.0,0.3,0.1,0.1,0.4,0.237363516,,
289,C(OC(=O)C(C[*])[*])C(F)(F)F,O(C(=O)C(C[*])[*])CCOC(C(F)(F)F)C(F)(F)F,O(C(=O)C(C[*])[*])CCOC(C(F)(F)F)(C(F)(F)F)C(F)(F)F,O(C(=O)C(C[*])[*])CCOC,O(C(=O)C(C[*])[*])CCO,O(C(=O)C(C[*])[*])CC[S](C)=O,0.1,0.0,0.35,0.25,0.15,0.15,0.222845108,8300.0,1.19
290,C(OC(=O)C(C[*])[*])C(F)(F)F,O(C(=O)C(C[*])[*])CCOC(C(F)(F)F)C(F)(F)F,O(C(=O)C(C[*])[*])CCOC(C(F)(F)F)(C(F)(F)F)C(F)(F)F,O(C(=O)C(C[*])[*])CCOC,O(C(=O)C(C[*])[*])CCO,O(C(=O)C(C[*])[*])CC[S](C)=O,0.1,0.0,0.35,0.3,0.0,0.25,0.206822786,6600.0,1.23
291,C(OC(=O)C(C[*])[*])C(F)(F)F,O(C(=O)C(C[*])[*])CCOC(C(F)(F)F)C(F)(F)F,O(C(=O)C(C[*])[*])CCOC(C(F)(F)F)(C(F)(F)F)C(F)(F)F,O(C(=O)C(C[*])[*])CCOC,O(C(=O)C(C[*])[*])CCO,O(C(=O)C(C[*])[*])CC[S](C)=O,0.1,0.0,0.4,0.1,0.2,0.2,0.293146079,,
292,C(OC(=O)C(C[*])[*])C(F)(F)F,O(C(=O)C(C[*])[*])CCOC(C(F)(F)F)C(F)(F)F,O(C(=O)C(C[*])[*])CCOC(C(F)(F)F)(C(F)(F)F)C(F)(F)F,O(C(=O)C(C[*])[*])CCOC,O(C(=O)C(C[*])[*])CCO,O(C(=O)C(C[*])[*])CC[S](C)=O,0.1,0.0,0.4,0.25,0.05,0.2,0.241086549,,
293,C(OC(=O)C(C[*])[*])C(F)(F)F,O(C(=O)C(C[*])[*])CCOC(C(F)(F)F)C(F)(F)F,O(C(=O)C(C[*])[*])CCOC(C(F)(F)F)(C(F)(F)F)C(F)(F)F,O(C(=O)C(C[*])[*])CCOC,O(C(=O)C(C[*])[*])CCO,O(C(=O)C(C[*])[*])CC[S](C)=O,0.1,0.0,0.4,0.25,0.1,0.15,0.242901443,8100.0,1.16
294,C(OC(=O)C(C[*])[*])C(F)(F)F,O(C(=O)C(C[*])[*])CCOC(C(F)(F)F)C(F)(F)F,O(C(=O)C(C[*])[*])CCOC(C(F)(F)F)(C(F)(F)F)C(F)(F)F,O(C(=O)C(C[*])[*])CCOC,O(C(=O)C(C[*])[*])CCO,O(C(=O)C(C[*])[*])CC[S](C)=O,0.1,0.0,0.4,0.3,0.1,0.1,0.23086989,,
295,C(OC(=O)C(C[*])[*])C(F)(F)F,O(C(=O)C(C[*])[*])CCOC(C(F)(F)F)C(F)(F)F,O(C(=O)C(C[*])[*])CCOC(C(F)(F)F)(C(F)(F)F)C(F)(F)F,O(C(=O)C(C[*])[*])CCOC,O(C(=O)C(C[*])[*])CCO,O(C(=O)C(C[*])[*])CC[S](C)=O,0.1,0.0,0.5,0.3,0.0,0.1,0.266057535,,
296,C(OC(=O)C(C[*])[*])C(F)(F)F,O(C(=O)C(C[*])[*])CCOC(C(F)(F)F)C(F)(F)F,O(C(=O)C(C[*])[*])CCOC(C(F)(F)F)(C(F)(F)F)C(F)(F)F,O(C(=O)C(C[*])[*])CCOC,O(C(=O)C(C[*])[*])CCO,O(C(=O)C(C[*])[*])CC[S](C)=O,0.1,0.05,0.3,0.2,0.1,0.25,0.226232507,6700.0,1.21
297,C(OC(=O)C(C[*])[*])C(F)(F)F,O(C(=O)C(C[*])[*])CCOC(C(F)(F)F)C(F)(F)F,O(C(=O)C(C[*])[*])CCOC(C(F)(F)F)(C(F)(F)F)C(F)(F)F,O(C(=O)C(C[*])[*])CCOC,O(C(=O)C(C[*])[*])CCO,O(C(=O)C(C[*])[*])CC[S](C)=O,0.1,0.05,0.35,0.4,0.05,0.05,0.202615085,,
298,C(OC(=O)C(C[*])[*])C(F)(F)F,O(C(=O)C(C[*])[*])CCOC(C(F)(F)F)C(F)(F)F,O(C(=O)C(C[*])[*])CCOC(C(F)(F)F)(C(F)(F)F)C(F)(F)F,O(C(=O)C(C[*])[*])CCOC,O(C(=O)C(C[*])[*])CCO,O(C(=O)C(C[*])[*])CC[S](C)=O,0.1,0.05,0.35,0.4,0.1,0.0,0.203946982,7700.0,1.2
299,C(OC(=O)C(C[*])[*])C(F)(F)F,O(C(=O)C(C[*])[*])CCOC(C(F)(F)F)C(F)(F)F,O(C(=O)C(C[*])[*])CCOC(C(F)(F)F)(C(F)(F)F)C(F)(F)F,O(C(=O)C(C[*])[*])CCOC,O(C(=O)C(C[*])[*])CCO,O(C(=O)C(C[*])[*])CC[S](C)=O,0.1,0.05,0.4,0.0,0.25,0.2,0.356413887,,
300,C(OC(=O)C(C[*])[*])C(F)(F)F,O(C(=O)C(C[*])[*])CCOC(C(F)(F)F)C(F)(F)F,O(C(=O)C(C[*])[*])CCOC(C(F)(F)F)(C(F)(F)F)C(F)(F)F,O(C(=O)C(C[*])[*])CCOC,O(C(=O)C(C[*])[*])CCO,O(C(=O)C(C[*])[*])CC[S](C)=O,0.1,0.05,0.4,0.1,0.15,0.2,0.306585833,,
301,C(OC(=O)C(C[*])[*])C(F)(F)F,O(C(=O)C(C[*])[*])CCOC(C(F)(F)F)C(F)(F)F,O(C(=O)C(C[*])[*])CCOC(C(F)(F)F)(C(F)(F)F)C(F)(F)F,O(C(=O)C(C[*])[*])CCOC,O(C(=O)C(C[*])[*])CCO,O(C(=O)C(C[*])[*])CC[S](C)=O,0.1,0.05,0.4,0.1,0.2,0.15,0.309314914,,
302,C(OC(=O)C(C[*])[*])C(F)(F)F,O(C(=O)C(C[*])[*])CCOC(C(F)(F)F)C(F)(F)F,O(C(=O)C(C[*])[*])CCOC(C(F)(F)F)(C(F)(F)F)C(F)(F)F,O(C(=O)C(C[*])[*])CCOC,O(C(=O)C(C[*])[*])CCO,O(C(=O)C(C[*])[*])CC[S](C)=O,0.1,0.05,0.4,0.2,0.05,0.2,0.268981208,8300.0,1.1
303,C(OC(=O)C(C[*])[*])C(F)(F)F,O(C(=O)C(C[*])[*])CCOC(C(F)(F)F)C(F)(F)F,O(C(=O)C(C[*])[*])CCOC(C(F)(F)F)(C(F)(F)F)C(F)(F)F,O(C(=O)C(C[*])[*])CCOC,O(C(=O)C(C[*])[*])CCO,O(C(=O)C(C[*])[*])CC[S](C)=O,0.1,0.05,0.4,0.2,0.1,0.15,0.27107958,,
304,C(OC(=O)C(C[*])[*])C(F)(F)F,O(C(=O)C(C[*])[*])CCOC(C(F)(F)F)C(F)(F)F,O(C(=O)C(C[*])[*])CCOC(C(F)(F)F)(C(F)(F)F)C(F)(F)F,O(C(=O)C(C[*])[*])CCOC,O(C(=O)C(C[*])[*])CCO,O(C(=O)C(C[*])[*])CC[S](C)=O,0.1,0.05,0.4,0.25,0.05,0.15,0.255300362,,
305,C(OC(=O)C(C[*])[*])C(F)(F)F,O(C(=O)C(C[*])[*])CCOC(C(F)(F)F)C(F)(F)F,O(C(=O)C(C[*])[*])CCOC(C(F)(F)F)(C(F)(F)F)C(F)(F)F,O(C(=O)C(C[*])[*])CCOC,O(C(=O)C(C[*])[*])CCO,O(C(=O)C(C[*])[*])CC[S](C)=O,0.1,0.05,0.55,0.1,0.0,0.2,0.359872432,,
306,C(OC(=O)C(C[*])[*])C(F)(F)F,O(C(=O)C(C[*])[*])CCOC(C(F)(F)F)C(F)(F)F,O(C(=O)C(C[*])[*])CCOC(C(F)(F)F)(C(F)(F)F)C(F)(F)F,O(C(=O)C(C[*])[*])CCOC,O(C(=O)C(C[*])[*])CCO,O(C(=O)C(C[*])[*])CC[S](C)=O,0.1,0.1,0.0,0.1,0.1,0.6,0.085982793,9900.0,1.35
307,C(OC(=O)C(C[*])[*])C(F)(F)F,O(C(=O)C(C[*])[*])CCOC(C(F)(F)F)C(F)(F)F,O(C(=O)C(C[*])[*])CCOC(C(F)(F)F)(C(F)(F)F)C(F)(F)F,O(C(=O)C(C[*])[*])CCOC,O(C(=O)C(C[*])[*])CCO,O(C(=O)C(C[*])[*])CC[S](C)=O,0.1,0.1,0.1,0.5,0.1,0.1,0.099623934,13000.0,1.35
308,C(OC(=O)C(C[*])[*])C(F)(F)F,O(C(=O)C(C[*])[*])CCOC(C(F)(F)F)C(F)(F)F,O(C(=O)C(C[*])[*])CCOC(C(F)(F)F)(C(F)(F)F)C(F)(F)F,O(C(=O)C(C[*])[*])CCOC,O(C(=O)C(C[*])[*])CCO,O(C(=O)C(C[*])[*])CC[S](C)=O,0.1,0.1,0.1,0.6,0.0,0.1,0.090075853,8200.0,1.3
309,C(OC(=O)C(C[*])[*])C(F)(F)F,O(C(=O)C(C[*])[*])CCOC(C(F)(F)F)C(F)(F)F,O(C(=O)C(C[*])[*])CCOC(C(F)(F)F)(C(F)(F)F)C(F)(F)F,O(C(=O)C(C[*])[*])CCOC,O(C(=O)C(C[*])[*])CCO,O(C(=O)C(C[*])[*])CC[S](C)=O,0.1,0.1,0.15,0.2,0.25,0.2,0.171254484,7400.0,1.27
310,C(OC(=O)C(C[*])[*])C(F)(F)F,O(C(=O)C(C[*])[*])CCOC(C(F)(F)F)C(F)(F)F,O(C(=O)C(C[*])[*])CCOC(C(F)(F)F)(C(F)(F)F)C(F)(F)F,O(C(=O)C(C[*])[*])CCOC,O(C(=O)C(C[*])[*])CCO,O(C(=O)C(C[*])[*])CC[S](C)=O,0.1,0.1,0.2,0.2,0.1,0.3,0.193487797,,
311,C(OC(=O)C(C[*])[*])C(F)(F)F,O(C(=O)C(C[*])[*])CCOC(C(F)(F)F)C(F)(F)F,O(C(=O)C(C[*])[*])CCOC(C(F)(F)F)(C(F)(F)F)C(F)(F)F,O(C(=O)C(C[*])[*])CCOC,O(C(=O)C(C[*])[*])CCO,O(C(=O)C(C[*])[*])CC[S](C)=O,0.1,0.1,0.2,0.2,0.1,0.3,0.193487797,,
312,C(OC(=O)C(C[*])[*])C(F)(F)F,O(C(=O)C(C[*])[*])CCOC(C(F)(F)F)C(F)(F)F,O(C(=O)C(C[*])[*])CCOC(C(F)(F)F)(C(F)(F)F)C(F)(F)F,O(C(=O)C(C[*])[*])CCOC,O(C(=O)C(C[*])[*])CCO,O(C(=O)C(C[*])[*])CC[S](C)=O,0.1,0.1,0.2,0.2,0.1,0.3,0.193487797,7800.0,1.17
313,C(OC(=O)C(C[*])[*])C(F)(F)F,O(C(=O)C(C[*])[*])CCOC(C(F)(F)F)C(F)(F)F,O(C(=O)C(C[*])[*])CCOC(C(F)(F)F)(C(F)(F)F)C(F)(F)F,O(C(=O)C(C[*])[*])CCOC,O(C(=O)C(C[*])[*])CCO,O(C(=O)C(C[*])[*])CC[S](C)=O,0.1,0.1,0.2,0.2,0.4,0.0,0.204094624,,
314,C(OC(=O)C(C[*])[*])C(F)(F)F,O(C(=O)C(C[*])[*])CCOC(C(F)(F)F)C(F)(F)F,O(C(=O)C(C[*])[*])CCOC(C(F)(F)F)(C(F)(F)F)C(F)(F)F,O(C(=O)C(C[*])[*])CCOC,O(C(=O)C(C[*])[*])CCO,O(C(=O)C(C[*])[*])CC[S](C)=O,0.1,0.1,0.2,0.2,0.4,0.0,0.204094624,,
315,C(OC(=O)C(C[*])[*])C(F)(F)F,O(C(=O)C(C[*])[*])CCOC(C(F)(F)F)C(F)(F)F,O(C(=O)C(C[*])[*])CCOC(C(F)(F)F)(C(F)(F)F)C(F)(F)F,O(C(=O)C(C[*])[*])CCOC,O(C(=O)C(C[*])[*])CCO,O(C(=O)C(C[*])[*])CC[S](C)=O,0.1,0.1,0.2,0.2,0.4,0.0,0.204094624,8300.0,1.14
316,C(OC(=O)C(C[*])[*])C(F)(F)F,O(C(=O)C(C[*])[*])CCOC(C(F)(F)F)C(F)(F)F,O(C(=O)C(C[*])[*])CCOC(C(F)(F)F)(C(F)(F)F)C(F)(F)F,O(C(=O)C(C[*])[*])CCOC,O(C(=O)C(C[*])[*])CCO,O(C(=O)C(C[*])[*])CC[S](C)=O,0.1,0.1,0.3,0.2,0.1,0.2,0.24224137,,
317,C(OC(=O)C(C[*])[*])C(F)(F)F,O(C(=O)C(C[*])[*])CCOC(C(F)(F)F)C(F)(F)F,O(C(=O)C(C[*])[*])CCOC(C(F)(F)F)(C(F)(F)F)C(F)(F)F,O(C(=O)C(C[*])[*])CCOC,O(C(=O)C(C[*])[*])CCO,O(C(=O)C(C[*])[*])CC[S](C)=O,0.1,0.1,0.4,0.2,0.2,0.0,0.289830508,,
318,C(OC(=O)C(C[*])[*])C(F)(F)F,O(C(=O)C(C[*])[*])CCOC(C(F)(F)F)C(F)(F)F,O(C(=O)C(C[*])[*])CCOC(C(F)(F)F)(C(F)(F)F)C(F)(F)F,O(C(=O)C(C[*])[*])CCOC,O(C(=O)C(C[*])[*])CCO,O(C(=O)C(C[*])[*])CC[S](C)=O,0.1,0.1,0.45,0.1,0.1,0.15,0.340252956,,
319,C(OC(=O)C(C[*])[*])C(F)(F)F,O(C(=O)C(C[*])[*])CCOC(C(F)(F)F)C(F)(F)F,O(C(=O)C(C[*])[*])CCOC(C(F)(F)F)(C(F)(F)F)C(F)(F)F,O(C(=O)C(C[*])[*])CCOC,O(C(=O)C(C[*])[*])CCO,O(C(=O)C(C[*])[*])CC[S](C)=O,0.1,0.1,0.45,0.15,0.05,0.15,0.319239392,,
320,C(OC(=O)C(C[*])[*])C(F)(F)F,O(C(=O)C(C[*])[*])CCOC(C(F)(F)F)C(F)(F)F,O(C(=O)C(C[*])[*])CCOC(C(F)(F)F)(C(F)(F)F)C(F)(F)F,O(C(=O)C(C[*])[*])CCOC,O(C(=O)C(C[*])[*])CCO,O(C(=O)C(C[*])[*])CC[S](C)=O,0.1,0.15,0.4,0.25,0.0,0.1,0.280357887,,
321,C(OC(=O)C(C[*])[*])C(F)(F)F,O(C(=O)C(C[*])[*])CCOC(C(F)(F)F)C(F)(F)F,O(C(=O)C(C[*])[*])CCOC(C(F)(F)F)(C(F)(F)F)C(F)(F)F,O(C(=O)C(C[*])[*])CCOC,O(C(=O)C(C[*])[*])CCO,O(C(=O)C(C[*])[*])CC[S](C)=O,0.1,0.2,0.1,0.0,0.1,0.5,0.234158365,6300.0,1.46
322,C(OC(=O)C(C[*])[*])C(F)(F)F,O(C(=O)C(C[*])[*])CCOC(C(F)(F)F)C(F)(F)F,O(C(=O)C(C[*])[*])CCOC(C(F)(F)F)(C(F)(F)F)C(F)(F)F,O(C(=O)C(C[*])[*])CCOC,O(C(=O)C(C[*])[*])CCO,O(C(=O)C(C[*])[*])CC[S](C)=O,0.1,0.2,0.1,0.3,0.0,0.3,0.154722602,7500.0,1.21
323,C(OC(=O)C(C[*])[*])C(F)(F)F,O(C(=O)C(C[*])[*])CCOC(C(F)(F)F)C(F)(F)F,O(C(=O)C(C[*])[*])CCOC(C(F)(F)F)(C(F)(F)F)C(F)(F)F,O(C(=O)C(C[*])[*])CCOC,O(C(=O)C(C[*])[*])CCO,O(C(=O)C(C[*])[*])CC[S](C)=O,0.1,0.2,0.2,0.1,0.1,0.3,0.257213885,7900.0,1.15
324,C(OC(=O)C(C[*])[*])C(F)(F)F,O(C(=O)C(C[*])[*])CCOC(C(F)(F)F)C(F)(F)F,O(C(=O)C(C[*])[*])CCOC(C(F)(F)F)(C(F)(F)F)C(F)(F)F,O(C(=O)C(C[*])[*])CCOC,O(C(=O)C(C[*])[*])CCO,O(C(=O)C(C[*])[*])CC[S](C)=O,0.1,0.2,0.3,0.1,0.0,0.3,0.300464251,,
325,C(OC(=O)C(C[*])[*])C(F)(F)F,O(C(=O)C(C[*])[*])CCOC(C(F)(F)F)C(F)(F)F,O(C(=O)C(C[*])[*])CCOC(C(F)(F)F)(C(F)(F)F)C(F)(F)F,O(C(=O)C(C[*])[*])CCOC,O(C(=O)C(C[*])[*])CCO,O(C(=O)C(C[*])[*])CC[S](C)=O,0.1,0.2,0.4,0.0,0.1,0.2,0.393215112,,
326,C(OC(=O)C(C[*])[*])C(F)(F)F,O(C(=O)C(C[*])[*])CCOC(C(F)(F)F)C(F)(F)F,O(C(=O)C(C[*])[*])CCOC(C(F)(F)F)(C(F)(F)F)C(F)(F)F,O(C(=O)C(C[*])[*])CCOC,O(C(=O)C(C[*])[*])CCO,O(C(=O)C(C[*])[*])CC[S](C)=O,0.1,0.25,0.4,0.05,0.0,0.2,0.377018066,,
327,C(OC(=O)C(C[*])[*])C(F)(F)F,O(C(=O)C(C[*])[*])CCOC(C(F)(F)F)C(F)(F)F,O(C(=O)C(C[*])[*])CCOC(C(F)(F)F)(C(F)(F)F)C(F)(F)F,O(C(=O)C(C[*])[*])CCOC,O(C(=O)C(C[*])[*])CCO,O(C(=O)C(C[*])[*])CC[S](C)=O,0.1,0.3,0.0,0.3,0.3,0.0,0.14554554,7800.0,1.23
328,C(OC(=O)C(C[*])[*])C(F)(F)F,O(C(=O)C(C[*])[*])CCOC(C(F)(F)F)C(F)(F)F,O(C(=O)C(C[*])[*])CCOC(C(F)(F)F)(C(F)(F)F)C(F)(F)F,O(C(=O)C(C[*])[*])CCOC,O(C(=O)C(C[*])[*])CCO,O(C(=O)C(C[*])[*])CC[S](C)=O,0.1,0.3,0.0,0.4,0.0,0.2,0.124798258,7800.0,1.26
329,C(OC(=O)C(C[*])[*])C(F)(F)F,O(C(=O)C(C[*])[*])CCOC(C(F)(F)F)C(F)(F)F,O(C(=O)C(C[*])[*])CCOC(C(F)(F)F)(C(F)(F)F)C(F)(F)F,O(C(=O)C(C[*])[*])CCOC,O(C(=O)C(C[*])[*])CCO,O(C(=O)C(C[*])[*])CC[S](C)=O,0.1,0.3,0.1,0.4,0.1,0.0,0.171504394,8800.0,1.19
330,C(OC(=O)C(C[*])[*])C(F)(F)F,O(C(=O)C(C[*])[*])CCOC(C(F)(F)F)C(F)(F)F,O(C(=O)C(C[*])[*])CCOC(C(F)(F)F)(C(F)(F)F)C(F)(F)F,O(C(=O)C(C[*])[*])CCOC,O(C(=O)C(C[*])[*])CCO,O(C(=O)C(C[*])[*])CC[S](C)=O,0.1,0.4,0.0,0.4,0.0,0.1,0.15538627,,
331,C(OC(=O)C(C[*])[*])C(F)(F)F,O(C(=O)C(C[*])[*])CCOC(C(F)(F)F)C(F)(F)F,O(C(=O)C(C[*])[*])CCOC(C(F)(F)F)(C(F)(F)F)C(F)(F)F,O(C(=O)C(C[*])[*])CCOC,O(C(=O)C(C[*])[*])CCO,O(C(=O)C(C[*])[*])CC[S](C)=O,0.1,0.4,0.0,0.4,0.1,0.0,0.157578513,9300.0,1.2
332,C(OC(=O)C(C[*])[*])C(F)(F)F,O(C(=O)C(C[*])[*])CCOC(C(F)(F)F)C(F)(F)F,O(C(=O)C(C[*])[*])CCOC(C(F)(F)F)(C(F)(F)F)C(F)(F)F,O(C(=O)C(C[*])[*])CCOC,O(C(=O)C(C[*])[*])CCO,O(C(=O)C(C[*])[*])CC[S](C)=O,0.1,0.4,0.05,0.3,0.1,0.05,0.197935649,,
333,C(OC(=O)C(C[*])[*])C(F)(F)F,O(C(=O)C(C[*])[*])CCOC(C(F)(F)F)C(F)(F)F,O(C(=O)C(C[*])[*])CCOC(C(F)(F)F)(C(F)(F)F)C(F)(F)F,O(C(=O)C(C[*])[*])CCOC,O(C(=O)C(C[*])[*])CCO,O(C(=O)C(C[*])[*])CC[S](C)=O,0.1,0.4,0.05,0.35,0.0,0.1,0.185373317,7200.0,1.24
334,C(OC(=O)C(C[*])[*])C(F)(F)F,O(C(=O)C(C[*])[*])CCOC(C(F)(F)F)C(F)(F)F,O(C(=O)C(C[*])[*])CCOC(C(F)(F)F)(C(F)(F)F)C(F)(F)F,O(C(=O)C(C[*])[*])CCOC,O(C(=O)C(C[*])[*])CCO,O(C(=O)C(C[*])[*])CC[S](C)=O,0.1,0.4,0.1,0.1,0.1,0.2,0.276482049,,
335,C(OC(=O)C(C[*])[*])C(F)(F)F,O(C(=O)C(C[*])[*])CCOC(C(F)(F)F)C(F)(F)F,O(C(=O)C(C[*])[*])CCOC(C(F)(F)F)(C(F)(F)F)C(F)(F)F,O(C(=O)C(C[*])[*])CCOC,O(C(=O)C(C[*])[*])CCO,O(C(=O)C(C[*])[*])CC[S](C)=O,0.1,0.5,0.0,0.2,0.0,0.2,0.2263685,,
336,C(OC(=O)C(C[*])[*])C(F)(F)F,O(C(=O)C(C[*])[*])CCOC(C(F)(F)F)C(F)(F)F,O(C(=O)C(C[*])[*])CCOC(C(F)(F)F)(C(F)(F)F)C(F)(F)F,O(C(=O)C(C[*])[*])CCOC,O(C(=O)C(C[*])[*])CCO,O(C(=O)C(C[*])[*])CC[S](C)=O,0.1,0.5,0.0,0.2,0.2,0.0,0.234133445,,
337,C(OC(=O)C(C[*])[*])C(F)(F)F,O(C(=O)C(C[*])[*])CCOC(C(F)(F)F)C(F)(F)F,O(C(=O)C(C[*])[*])CCOC(C(F)(F)F)(C(F)(F)F)C(F)(F)F,O(C(=O)C(C[*])[*])CCOC,O(C(=O)C(C[*])[*])CCO,O(C(=O)C(C[*])[*])CC[S](C)=O,0.1,0.5,0.0,0.4,0.0,0.0,0.184100959,,
338,C(OC(=O)C(C[*])[*])C(F)(F)F,O(C(=O)C(C[*])[*])CCOC(C(F)(F)F)C(F)(F)F,O(C(=O)C(C[*])[*])CCOC(C(F)(F)F)(C(F)(F)F)C(F)(F)F,O(C(=O)C(C[*])[*])CCOC,O(C(=O)C(C[*])[*])CCO,O(C(=O)C(C[*])[*])CC[S](C)=O,0.1,0.5,0.1,0.0,0.1,0.2,0.353055166,,
339,C(OC(=O)C(C[*])[*])C(F)(F)F,O(C(=O)C(C[*])[*])CCOC(C(F)(F)F)C(F)(F)F,O(C(=O)C(C[*])[*])CCOC(C(F)(F)F)(C(F)(F)F)C(F)(F)F,O(C(=O)C(C[*])[*])CCOC,O(C(=O)C(C[*])[*])CCO,O(C(=O)C(C[*])[*])CC[S](C)=O,0.1,0.5,0.1,0.3,0.0,0.0,0.244779269,,
340,C(OC(=O)C(C[*])[*])C(F)(F)F,O(C(=O)C(C[*])[*])CCOC(C(F)(F)F)C(F)(F)F,O(C(=O)C(C[*])[*])CCOC(C(F)(F)F)(C(F)(F)F)C(F)(F)F,O(C(=O)C(C[*])[*])CCOC,O(C(=O)C(C[*])[*])CCO,O(C(=O)C(C[*])[*])CC[S](C)=O,0.1,0.55,0.05,0.2,0.1,0.0,0.268850546,,
341,C(OC(=O)C(C[*])[*])C(F)(F)F,O(C(=O)C(C[*])[*])CCOC(C(F)(F)F)C(F)(F)F,O(C(=O)C(C[*])[*])CCOC(C(F)(F)F)(C(F)(F)F)C(F)(F)F,O(C(=O)C(C[*])[*])CCOC,O(C(=O)C(C[*])[*])CCO,O(C(=O)C(C[*])[*])CC[S](C)=O,0.1,0.55,0.05,0.25,0.05,0.0,0.252781583,,
342,C(OC(=O)C(C[*])[*])C(F)(F)F,O(C(=O)C(C[*])[*])CCOC(C(F)(F)F)C(F)(F)F,O(C(=O)C(C[*])[*])CCOC(C(F)(F)F)(C(F)(F)F)C(F)(F)F,O(C(=O)C(C[*])[*])CCOC,O(C(=O)C(C[*])[*])CCO,O(C(=O)C(C[*])[*])CC[S](C)=O,0.1,0.55,0.05,0.25,0.05,0.0,0.252781583,,
343,C(OC(=O)C(C[*])[*])C(F)(F)F,O(C(=O)C(C[*])[*])CCOC(C(F)(F)F)C(F)(F)F,O(C(=O)C(C[*])[*])CCOC(C(F)(F)F)(C(F)(F)F)C(F)(F)F,O(C(=O)C(C[*])[*])CCOC,O(C(=O)C(C[*])[*])CCO,O(C(=O)C(C[*])[*])CC[S](C)=O,0.1,0.55,0.05,0.25,0.05,0.0,0.252781583,6470.0,1.13
344,C(OC(=O)C(C[*])[*])C(F)(F)F,O(C(=O)C(C[*])[*])CCOC(C(F)(F)F)C(F)(F)F,O(C(=O)C(C[*])[*])CCOC(C(F)(F)F)(C(F)(F)F)C(F)(F)F,O(C(=O)C(C[*])[*])CCOC,O(C(=O)C(C[*])[*])CCO,O(C(=O)C(C[*])[*])CC[S](C)=O,0.1,0.6,0.1,0.2,0.0,0.0,0.299368765,,
345,C(OC(=O)C(C[*])[*])C(F)(F)F,O(C(=O)C(C[*])[*])CCOC(C(F)(F)F)C(F)(F)F,O(C(=O)C(C[*])[*])CCOC(C(F)(F)F)(C(F)(F)F)C(F)(F)F,O(C(=O)C(C[*])[*])CCOC,O(C(=O)C(C[*])[*])CCO,O(C(=O)C(C[*])[*])CC[S](C)=O,0.15,0.0,0.4,0.4,0.0,0.05,0.215575505,,
346,C(OC(=O)C(C[*])[*])C(F)(F)F,O(C(=O)C(C[*])[*])CCOC(C(F)(F)F)C(F)(F)F,O(C(=O)C(C[*])[*])CCOC(C(F)(F)F)(C(F)(F)F)C(F)(F)F,O(C(=O)C(C[*])[*])CCOC,O(C(=O)C(C[*])[*])CCO,O(C(=O)C(C[*])[*])CC[S](C)=O,0.15,0.1,0.4,0.05,0.3,0.0,0.364607299,,
347,C(OC(=O)C(C[*])[*])C(F)(F)F,O(C(=O)C(C[*])[*])CCOC(C(F)(F)F)C(F)(F)F,O(C(=O)C(C[*])[*])CCOC(C(F)(F)F)(C(F)(F)F)C(F)(F)F,O(C(=O)C(C[*])[*])CCOC,O(C(=O)C(C[*])[*])CCO,O(C(=O)C(C[*])[*])CC[S](C)=O,0.15,0.25,0.05,0.5,0.05,0.0,0.129465091,7500.0,1.22
348,C(OC(=O)C(C[*])[*])C(F)(F)F,O(C(=O)C(C[*])[*])CCOC(C(F)(F)F)C(F)(F)F,O(C(=O)C(C[*])[*])CCOC(C(F)(F)F)(C(F)(F)F)C(F)(F)F,O(C(=O)C(C[*])[*])CCOC,O(C(=O)C(C[*])[*])CCO,O(C(=O)C(C[*])[*])CC[S](C)=O,0.15,0.25,0.05,0.5,0.05,0.0,0.129465091,,
349,C(OC(=O)C(C[*])[*])C(F)(F)F,O(C(=O)C(C[*])[*])CCOC(C(F)(F)F)C(F)(F)F,O(C(=O)C(C[*])[*])CCOC(C(F)(F)F)(C(F)(F)F)C(F)(F)F,O(C(=O)C(C[*])[*])CCOC,O(C(=O)C(C[*])[*])CCO,O(C(=O)C(C[*])[*])CC[S](C)=O,0.15,0.25,0.05,0.5,0.05,0.0,0.129465091,,
350,C(OC(=O)C(C[*])[*])C(F)(F)F,O(C(=O)C(C[*])[*])CCOC(C(F)(F)F)C(F)(F)F,O(C(=O)C(C[*])[*])CCOC(C(F)(F)F)(C(F)(F)F)C(F)(F)F,O(C(=O)C(C[*])[*])CCOC,O(C(=O)C(C[*])[*])CCO,O(C(=O)C(C[*])[*])CC[S](C)=O,0.15,0.25,0.05,0.5,0.05,0.0,0.129465091,,
351,C(OC(=O)C(C[*])[*])C(F)(F)F,O(C(=O)C(C[*])[*])CCOC(C(F)(F)F)C(F)(F)F,O(C(=O)C(C[*])[*])CCOC(C(F)(F)F)(C(F)(F)F)C(F)(F)F,O(C(=O)C(C[*])[*])CCOC,O(C(=O)C(C[*])[*])CCO,O(C(=O)C(C[*])[*])CC[S](C)=O,0.2,0.0,0.0,0.0,0.8,0.0,0.092153978,,
352,C(OC(=O)C(C[*])[*])C(F)(F)F,O(C(=O)C(C[*])[*])CCOC(C(F)(F)F)C(F)(F)F,O(C(=O)C(C[*])[*])CCOC(C(F)(F)F)(C(F)(F)F)C(F)(F)F,O(C(=O)C(C[*])[*])CCOC,O(C(=O)C(C[*])[*])CCO,O(C(=O)C(C[*])[*])CC[S](C)=O,0.2,0.0,0.0,0.8,0.0,0.0,0.027481932,,
353,C(OC(=O)C(C[*])[*])C(F)(F)F,O(C(=O)C(C[*])[*])CCOC(C(F)(F)F)C(F)(F)F,O(C(=O)C(C[*])[*])CCOC(C(F)(F)F)(C(F)(F)F)C(F)(F)F,O(C(=O)C(C[*])[*])CCOC,O(C(=O)C(C[*])[*])CCO,O(C(=O)C(C[*])[*])CC[S](C)=O,0.2,0.0,0.3,0.0,0.1,0.4,0.302100247,,
354,C(OC(=O)C(C[*])[*])C(F)(F)F,O(C(=O)C(C[*])[*])CCOC(C(F)(F)F)C(F)(F)F,O(C(=O)C(C[*])[*])CCOC(C(F)(F)F)(C(F)(F)F)C(F)(F)F,O(C(=O)C(C[*])[*])CCOC,O(C(=O)C(C[*])[*])CCO,O(C(=O)C(C[*])[*])CC[S](C)=O,0.2,0.0,0.3,0.2,0.0,0.3,0.227394717,,
355,C(OC(=O)C(C[*])[*])C(F)(F)F,O(C(=O)C(C[*])[*])CCOC(C(F)(F)F)C(F)(F)F,O(C(=O)C(C[*])[*])CCOC(C(F)(F)F)(C(F)(F)F)C(F)(F)F,O(C(=O)C(C[*])[*])CCOC,O(C(=O)C(C[*])[*])CCO,O(C(=O)C(C[*])[*])CC[S](C)=O,0.2,0.0,0.4,0.2,0.0,0.2,0.272390276,,
356,C(OC(=O)C(C[*])[*])C(F)(F)F,O(C(=O)C(C[*])[*])CCOC(C(F)(F)F)C(F)(F)F,O(C(=O)C(C[*])[*])CCOC(C(F)(F)F)(C(F)(F)F)C(F)(F)F,O(C(=O)C(C[*])[*])CCOC,O(C(=O)C(C[*])[*])CCO,O(C(=O)C(C[*])[*])CC[S](C)=O,0.2,0.0,0.4,0.4,0.0,0.0,0.223809016,,
357,C(OC(=O)C(C[*])[*])C(F)(F)F,O(C(=O)C(C[*])[*])CCOC(C(F)(F)F)C(F)(F)F,O(C(=O)C(C[*])[*])CCOC(C(F)(F)F)(C(F)(F)F)C(F)(F)F,O(C(=O)C(C[*])[*])CCOC,O(C(=O)C(C[*])[*])CCO,O(C(=O)C(C[*])[*])CC[S](C)=O,0.2,0.1,0.2,0.4,0.1,0.0,0.173817583,7700.0,1.23
358,C(OC(=O)C(C[*])[*])C(F)(F)F,O(C(=O)C(C[*])[*])CCOC(C(F)(F)F)C(F)(F)F,O(C(=O)C(C[*])[*])CCOC(C(F)(F)F)(C(F)(F)F)C(F)(F)F,O(C(=O)C(C[*])[*])CCOC,O(C(=O)C(C[*])[*])CCO,O(C(=O)C(C[*])[*])CC[S](C)=O,0.2,0.2,0.0,0.4,0.0,0.2,0.11086187,8400.0,1.22
359,C(OC(=O)C(C[*])[*])C(F)(F)F,O(C(=O)C(C[*])[*])CCOC(C(F)(F)F)C(F)(F)F,O(C(=O)C(C[*])[*])CCOC(C(F)(F)F)(C(F)(F)F)C(F)(F)F,O(C(=O)C(C[*])[*])CCOC,O(C(=O)C(C[*])[*])CCO,O(C(=O)C(C[*])[*])CC[S](C)=O,0.2,0.2,0.1,0.2,0.3,0.0,0.206562486,,
360,C(OC(=O)C(C[*])[*])C(F)(F)F,O(C(=O)C(C[*])[*])CCOC(C(F)(F)F)C(F)(F)F,O(C(=O)C(C[*])[*])CCOC(C(F)(F)F)(C(F)(F)F)C(F)(F)F,O(C(=O)C(C[*])[*])CCOC,O(C(=O)C(C[*])[*])CCO,O(C(=O)C(C[*])[*])CC[S](C)=O,0.2,0.2,0.2,0.2,0.0,0.2,0.244845361,9100.0,1.27
361,C(OC(=O)C(C[*])[*])C(F)(F)F,O(C(=O)C(C[*])[*])CCOC(C(F)(F)F)C(F)(F)F,O(C(=O)C(C[*])[*])CCOC(C(F)(F)F)(C(F)(F)F)C(F)(F)F,O(C(=O)C(C[*])[*])CCOC,O(C(=O)C(C[*])[*])CCO,O(C(=O)C(C[*])[*])CC[S](C)=O,0.2,0.2,0.3,0.3,0.0,0.0,0.260364327,8900.0,1.14
362,C(OC(=O)C(C[*])[*])C(F)(F)F,O(C(=O)C(C[*])[*])CCOC(C(F)(F)F)C(F)(F)F,O(C(=O)C(C[*])[*])CCOC(C(F)(F)F)(C(F)(F)F)C(F)(F)F,O(C(=O)C(C[*])[*])CCOC,O(C(=O)C(C[*])[*])CCO,O(C(=O)C(C[*])[*])CC[S](C)=O,0.2,0.4,0.05,0.35,0.0,0.0,0.203529079,6400.0,1.17
363,C(OC(=O)C(C[*])[*])C(F)(F)F,O(C(=O)C(C[*])[*])CCOC(C(F)(F)F)C(F)(F)F,O(C(=O)C(C[*])[*])CCOC(C(F)(F)F)(C(F)(F)F)C(F)(F)F,O(C(=O)C(C[*])[*])CCOC,O(C(=O)C(C[*])[*])CCO,O(C(=O)C(C[*])[*])CC[S](C)=O,0.25,0.0,0.25,0.3,0.2,0.0,0.197007218,6700.0,1.33
364,C(OC(=O)C(C[*])[*])C(F)(F)F,O(C(=O)C(C[*])[*])CCOC(C(F)(F)F)C(F)(F)F,O(C(=O)C(C[*])[*])CCOC(C(F)(F)F)(C(F)(F)F)C(F)(F)F,O(C(=O)C(C[*])[*])CCOC,O(C(=O)C(C[*])[*])CCO,O(C(=O)C(C[*])[*])CC[S](C)=O,0.25,0.15,0.0,0.0,0.35,0.25,0.196403344,,
365,C(OC(=O)C(C[*])[*])C(F)(F)F,O(C(=O)C(C[*])[*])CCOC(C(F)(F)F)C(F)(F)F,O(C(=O)C(C[*])[*])CCOC(C(F)(F)F)(C(F)(F)F)C(F)(F)F,O(C(=O)C(C[*])[*])CCOC,O(C(=O)C(C[*])[*])CCO,O(C(=O)C(C[*])[*])CC[S](C)=O,0.25,0.25,0.25,0.1,0.15,0.0,0.336473093,,
366,C(OC(=O)C(C[*])[*])C(F)(F)F,O(C(=O)C(C[*])[*])CCOC(C(F)(F)F)C(F)(F)F,O(C(=O)C(C[*])[*])CCOC(C(F)(F)F)(C(F)(F)F)C(F)(F)F,O(C(=O)C(C[*])[*])CCOC,O(C(=O)C(C[*])[*])CCO,O(C(=O)C(C[*])[*])CC[S](C)=O,0.25,0.35,0.2,0.1,0.1,0.0,0.34215408,,
367,C(OC(=O)C(C[*])[*])C(F)(F)F,O(C(=O)C(C[*])[*])CCOC(C(F)(F)F)C(F)(F)F,O(C(=O)C(C[*])[*])CCOC(C(F)(F)F)(C(F)(F)F)C(F)(F)F,O(C(=O)C(C[*])[*])CCOC,O(C(=O)C(C[*])[*])CCO,O(C(=O)C(C[*])[*])CC[S](C)=O,0.3,0.0,0.0,0.6,0.1,0.0,0.049445116,7100.0,1.38
368,C(OC(=O)C(C[*])[*])C(F)(F)F,O(C(=O)C(C[*])[*])CCOC(C(F)(F)F)C(F)(F)F,O(C(=O)C(C[*])[*])CCOC(C(F)(F)F)(C(F)(F)F)C(F)(F)F,O(C(=O)C(C[*])[*])CCOC,O(C(=O)C(C[*])[*])CCO,O(C(=O)C(C[*])[*])CC[S](C)=O,0.3,0.0,0.0,0.6,0.1,0.0,0.049445116,7800.0,1.32
369,C(OC(=O)C(C[*])[*])C(F)(F)F,O(C(=O)C(C[*])[*])CCOC(C(F)(F)F)C(F)(F)F,O(C(=O)C(C[*])[*])CCOC(C(F)(F)F)(C(F)(F)F)C(F)(F)F,O(C(=O)C(C[*])[*])CCOC,O(C(=O)C(C[*])[*])CCO,O(C(=O)C(C[*])[*])CC[S](C)=O,0.3,0.0,0.0,0.6,0.1,0.0,0.049445116,9400.0,1.21
370,C(OC(=O)C(C[*])[*])C(F)(F)F,O(C(=O)C(C[*])[*])CCOC(C(F)(F)F)C(F)(F)F,O(C(=O)C(C[*])[*])CCOC(C(F)(F)F)(C(F)(F)F)C(F)(F)F,O(C(=O)C(C[*])[*])CCOC,O(C(=O)C(C[*])[*])CCO,O(C(=O)C(C[*])[*])CC[S](C)=O,0.3,0.0,0.0,0.6,0.1,0.0,0.049445116,9400.0,1.19
371,C(OC(=O)C(C[*])[*])C(F)(F)F,O(C(=O)C(C[*])[*])CCOC(C(F)(F)F)C(F)(F)F,O(C(=O)C(C[*])[*])CCOC(C(F)(F)F)(C(F)(F)F)C(F)(F)F,O(C(=O)C(C[*])[*])CCOC,O(C(=O)C(C[*])[*])CCO,O(C(=O)C(C[*])[*])CC[S](C)=O,0.3,0.0,0.0,0.6,0.1,0.0,0.049445116,9100.0,1.24
372,C(OC(=O)C(C[*])[*])C(F)(F)F,O(C(=O)C(C[*])[*])CCOC(C(F)(F)F)C(F)(F)F,O(C(=O)C(C[*])[*])CCOC(C(F)(F)F)(C(F)(F)F)C(F)(F)F,O(C(=O)C(C[*])[*])CCOC,O(C(=O)C(C[*])[*])CCO,O(C(=O)C(C[*])[*])CC[S](C)=O,0.3,0.0,0.0,0.7,0.0,0.0,0.044737813,,
373,C(OC(=O)C(C[*])[*])C(F)(F)F,O(C(=O)C(C[*])[*])CCOC(C(F)(F)F)C(F)(F)F,O(C(=O)C(C[*])[*])CCOC(C(F)(F)F)(C(F)(F)F)C(F)(F)F,O(C(=O)C(C[*])[*])CCOC,O(C(=O)C(C[*])[*])CCO,O(C(=O)C(C[*])[*])CC[S](C)=O,0.3,0.0,0.15,0.0,0.4,0.15,0.255791968,,
374,C(OC(=O)C(C[*])[*])C(F)(F)F,O(C(=O)C(C[*])[*])CCOC(C(F)(F)F)C(F)(F)F,O(C(=O)C(C[*])[*])CCOC(C(F)(F)F)(C(F)(F)F)C(F)(F)F,O(C(=O)C(C[*])[*])CCOC,O(C(=O)C(C[*])[*])CCO,O(C(=O)C(C[*])[*])CC[S](C)=O,0.3,0.0,0.2,0.4,0.1,0.0,0.16197988,7700.0,1.2
375,C(OC(=O)C(C[*])[*])C(F)(F)F,O(C(=O)C(C[*])[*])CCOC(C(F)(F)F)C(F)(F)F,O(C(=O)C(C[*])[*])CCOC(C(F)(F)F)(C(F)(F)F)C(F)(F)F,O(C(=O)C(C[*])[*])CCOC,O(C(=O)C(C[*])[*])CCO,O(C(=O)C(C[*])[*])CC[S](C)=O,0.3,0.1,0.0,0.2,0.4,0.0,0.132370973,,
376,C(OC(=O)C(C[*])[*])C(F)(F)F,O(C(=O)C(C[*])[*])CCOC(C(F)(F)F)C(F)(F)F,O(C(=O)C(C[*])[*])CCOC(C(F)(F)F)(C(F)(F)F)C(F)(F)F,O(C(=O)C(C[*])[*])CCOC,O(C(=O)C(C[*])[*])CCO,O(C(=O)C(C[*])[*])CC[S](C)=O,0.3,0.1,0.3,0.1,0.0,0.2,0.314705998,,
377,C(OC(=O)C(C[*])[*])C(F)(F)F,O(C(=O)C(C[*])[*])CCOC(C(F)(F)F)C(F)(F)F,O(C(=O)C(C[*])[*])CCOC(C(F)(F)F)(C(F)(F)F)C(F)(F)F,O(C(=O)C(C[*])[*])CCOC,O(C(=O)C(C[*])[*])CCO,O(C(=O)C(C[*])[*])CC[S](C)=O,0.3,0.1,0.5,0.0,0.0,0.1,0.444905828,,
378,C(OC(=O)C(C[*])[*])C(F)(F)F,O(C(=O)C(C[*])[*])CCOC(C(F)(F)F)C(F)(F)F,O(C(=O)C(C[*])[*])CCOC(C(F)(F)F)(C(F)(F)F)C(F)(F)F,O(C(=O)C(C[*])[*])CCOC,O(C(=O)C(C[*])[*])CCO,O(C(=O)C(C[*])[*])CC[S](C)=O,0.3,0.3,0.0,0.2,0.1,0.1,0.205248439,,
379,C(OC(=O)C(C[*])[*])C(F)(F)F,O(C(=O)C(C[*])[*])CCOC(C(F)(F)F)C(F)(F)F,O(C(=O)C(C[*])[*])CCOC(C(F)(F)F)(C(F)(F)F)C(F)(F)F,O(C(=O)C(C[*])[*])CCOC,O(C(=O)C(C[*])[*])CCO,O(C(=O)C(C[*])[*])CC[S](C)=O,0.35,0.0,0.0,0.1,0.3,0.25,0.112537336,7400.0,1.2
380,C(OC(=O)C(C[*])[*])C(F)(F)F,O(C(=O)C(C[*])[*])CCOC(C(F)(F)F)C(F)(F)F,O(C(=O)C(C[*])[*])CCOC(C(F)(F)F)(C(F)(F)F)C(F)(F)F,O(C(=O)C(C[*])[*])CCOC,O(C(=O)C(C[*])[*])CCO,O(C(=O)C(C[*])[*])CC[S](C)=O,0.35,0.0,0.0,0.55,0.1,0.0,0.060538474,8800.0,1.2
381,C(OC(=O)C(C[*])[*])C(F)(F)F,O(C(=O)C(C[*])[*])CCOC(C(F)(F)F)C(F)(F)F,O(C(=O)C(C[*])[*])CCOC(C(F)(F)F)(C(F)(F)F)C(F)(F)F,O(C(=O)C(C[*])[*])CCOC,O(C(=O)C(C[*])[*])CCO,O(C(=O)C(C[*])[*])CC[S](C)=O,0.35,0.0,0.0,0.55,0.1,0.0,0.060538474,9400.0,1.16
382,C(OC(=O)C(C[*])[*])C(F)(F)F,O(C(=O)C(C[*])[*])CCOC(C(F)(F)F)C(F)(F)F,O(C(=O)C(C[*])[*])CCOC(C(F)(F)F)(C(F)(F)F)C(F)(F)F,O(C(=O)C(C[*])[*])CCOC,O(C(=O)C(C[*])[*])CCO,O(C(=O)C(C[*])[*])CC[S](C)=O,0.35,0.0,0.0,0.55,0.1,0.0,0.060538474,8500.0,1.21
383,C(OC(=O)C(C[*])[*])C(F)(F)F,O(C(=O)C(C[*])[*])CCOC(C(F)(F)F)C(F)(F)F,O(C(=O)C(C[*])[*])CCOC(C(F)(F)F)(C(F)(F)F)C(F)(F)F,O(C(=O)C(C[*])[*])CCOC,O(C(=O)C(C[*])[*])CCO,O(C(=O)C(C[*])[*])CC[S](C)=O,0.35,0.0,0.0,0.55,0.1,0.0,0.060538474,7000.0,1.35
384,C(OC(=O)C(C[*])[*])C(F)(F)F,O(C(=O)C(C[*])[*])CCOC(C(F)(F)F)C(F)(F)F,O(C(=O)C(C[*])[*])CCOC(C(F)(F)F)(C(F)(F)F)C(F)(F)F,O(C(=O)C(C[*])[*])CCOC,O(C(=O)C(C[*])[*])CCO,O(C(=O)C(C[*])[*])CC[S](C)=O,0.35,0.0,0.0,0.55,0.1,0.0,0.060538474,9200.0,1.2
385,C(OC(=O)C(C[*])[*])C(F)(F)F,O(C(=O)C(C[*])[*])CCOC(C(F)(F)F)C(F)(F)F,O(C(=O)C(C[*])[*])CCOC(C(F)(F)F)(C(F)(F)F)C(F)(F)F,O(C(=O)C(C[*])[*])CCOC,O(C(=O)C(C[*])[*])CCO,O(C(=O)C(C[*])[*])CC[S](C)=O,0.35,0.0,0.2,0.4,0.0,0.05,0.168743368,7500.0,1.26
386,C(OC(=O)C(C[*])[*])C(F)(F)F,O(C(=O)C(C[*])[*])CCOC(C(F)(F)F)C(F)(F)F,O(C(=O)C(C[*])[*])CCOC(C(F)(F)F)(C(F)(F)F)C(F)(F)F,O(C(=O)C(C[*])[*])CCOC,O(C(=O)C(C[*])[*])CCO,O(C(=O)C(C[*])[*])CC[S](C)=O,0.35,0.05,0.35,0.1,0.15,0.0,0.342433521,,
387,C(OC(=O)C(C[*])[*])C(F)(F)F,O(C(=O)C(C[*])[*])CCOC(C(F)(F)F)C(F)(F)F,O(C(=O)C(C[*])[*])CCOC(C(F)(F)F)(C(F)(F)F)C(F)(F)F,O(C(=O)C(C[*])[*])CCOC,O(C(=O)C(C[*])[*])CCO,O(C(=O)C(C[*])[*])CC[S](C)=O,0.35,0.05,0.35,0.2,0.05,0.0,0.298875285,,
388,C(OC(=O)C(C[*])[*])C(F)(F)F,O(C(=O)C(C[*])[*])CCOC(C(F)(F)F)C(F)(F)F,O(C(=O)C(C[*])[*])CCOC(C(F)(F)F)(C(F)(F)F)C(F)(F)F,O(C(=O)C(C[*])[*])CCOC,O(C(=O)C(C[*])[*])CCO,O(C(=O)C(C[*])[*])CC[S](C)=O,0.35,0.15,0.15,0.25,0.1,0.0,0.227468138,8000.0,1.13
389,C(OC(=O)C(C[*])[*])C(F)(F)F,O(C(=O)C(C[*])[*])CCOC(C(F)(F)F)C(F)(F)F,O(C(=O)C(C[*])[*])CCOC(C(F)(F)F)(C(F)(F)F)C(F)(F)F,O(C(=O)C(C[*])[*])CCOC,O(C(=O)C(C[*])[*])CCO,O(C(=O)C(C[*])[*])CC[S](C)=O,0.4,0.0,0.0,0.05,0.55,0.0,0.152511932,,
390,C(OC(=O)C(C[*])[*])C(F)(F)F,O(C(=O)C(C[*])[*])CCOC(C(F)(F)F)C(F)(F)F,O(C(=O)C(C[*])[*])CCOC(C(F)(F)F)(C(F)(F)F)C(F)(F)F,O(C(=O)C(C[*])[*])CCOC,O(C(=O)C(C[*])[*])CCO,O(C(=O)C(C[*])[*])CC[S](C)=O,0.4,0.0,0.0,0.35,0.0,0.25,0.084398807,,
391,C(OC(=O)C(C[*])[*])C(F)(F)F,O(C(=O)C(C[*])[*])CCOC(C(F)(F)F)C(F)(F)F,O(C(=O)C(C[*])[*])CCOC(C(F)(F)F)(C(F)(F)F)C(F)(F)F,O(C(=O)C(C[*])[*])CCOC,O(C(=O)C(C[*])[*])CCO,O(C(=O)C(C[*])[*])CC[S](C)=O,0.4,0.0,0.0,0.35,0.0,0.25,0.084398807,,
392,C(OC(=O)C(C[*])[*])C(F)(F)F,O(C(=O)C(C[*])[*])CCOC(C(F)(F)F)C(F)(F)F,O(C(=O)C(C[*])[*])CCOC(C(F)(F)F)(C(F)(F)F)C(F)(F)F,O(C(=O)C(C[*])[*])CCOC,O(C(=O)C(C[*])[*])CCO,O(C(=O)C(C[*])[*])CC[S](C)=O,0.4,0.0,0.0,0.35,0.0,0.25,0.084398807,7900.0,1.25
393,C(OC(=O)C(C[*])[*])C(F)(F)F,O(C(=O)C(C[*])[*])CCOC(C(F)(F)F)C(F)(F)F,O(C(=O)C(C[*])[*])CCOC(C(F)(F)F)(C(F)(F)F)C(F)(F)F,O(C(=O)C(C[*])[*])CCOC,O(C(=O)C(C[*])[*])CCO,O(C(=O)C(C[*])[*])CC[S](C)=O,0.4,0.0,0.0,0.5,0.1,0.0,0.072786012,8500.0,1.21
394,C(OC(=O)C(C[*])[*])C(F)(F)F,O(C(=O)C(C[*])[*])CCOC(C(F)(F)F)C(F)(F)F,O(C(=O)C(C[*])[*])CCOC(C(F)(F)F)(C(F)(F)F)C(F)(F)F,O(C(=O)C(C[*])[*])CCOC,O(C(=O)C(C[*])[*])CCO,O(C(=O)C(C[*])[*])CC[S](C)=O,0.4,0.0,0.0,0.5,0.1,0.0,0.072786012,8700.0,1.21
395,C(OC(=O)C(C[*])[*])C(F)(F)F,O(C(=O)C(C[*])[*])CCOC(C(F)(F)F)C(F)(F)F,O(C(=O)C(C[*])[*])CCOC(C(F)(F)F)(C(F)(F)F)C(F)(F)F,O(C(=O)C(C[*])[*])CCOC,O(C(=O)C(C[*])[*])CCO,O(C(=O)C(C[*])[*])CC[S](C)=O,0.4,0.0,0.0,0.5,0.1,0.0,0.072786012,8600.0,1.22
396,C(OC(=O)C(C[*])[*])C(F)(F)F,O(C(=O)C(C[*])[*])CCOC(C(F)(F)F)C(F)(F)F,O(C(=O)C(C[*])[*])CCOC(C(F)(F)F)(C(F)(F)F)C(F)(F)F,O(C(=O)C(C[*])[*])CCOC,O(C(=O)C(C[*])[*])CCO,O(C(=O)C(C[*])[*])CC[S](C)=O,0.4,0.0,0.0,0.5,0.1,0.0,0.072786012,8600.0,1.21
397,C(OC(=O)C(C[*])[*])C(F)(F)F,O(C(=O)C(C[*])[*])CCOC(C(F)(F)F)C(F)(F)F,O(C(=O)C(C[*])[*])CCOC(C(F)(F)F)(C(F)(F)F)C(F)(F)F,O(C(=O)C(C[*])[*])CCOC,O(C(=O)C(C[*])[*])CCO,O(C(=O)C(C[*])[*])CC[S](C)=O,0.4,0.0,0.0,0.5,0.1,0.0,0.072786012,6800.0,1.36
398,C(OC(=O)C(C[*])[*])C(F)(F)F,O(C(=O)C(C[*])[*])CCOC(C(F)(F)F)C(F)(F)F,O(C(=O)C(C[*])[*])CCOC(C(F)(F)F)(C(F)(F)F)C(F)(F)F,O(C(=O)C(C[*])[*])CCOC,O(C(=O)C(C[*])[*])CCO,O(C(=O)C(C[*])[*])CC[S](C)=O,0.4,0.0,0.0,0.6,0.0,0.0,0.065210676,,
399,C(OC(=O)C(C[*])[*])C(F)(F)F,O(C(=O)C(C[*])[*])CCOC(C(F)(F)F)C(F)(F)F,O(C(=O)C(C[*])[*])CCOC(C(F)(F)F)(C(F)(F)F)C(F)(F)F,O(C(=O)C(C[*])[*])CCOC,O(C(=O)C(C[*])[*])CCO,O(C(=O)C(C[*])[*])CC[S](C)=O,0.4,0.0,0.1,0.3,0.2,0.0,0.152120537,8500.0,1.25
400,C(OC(=O)C(C[*])[*])C(F)(F)F,O(C(=O)C(C[*])[*])CCOC(C(F)(F)F)C(F)(F)F,O(C(=O)C(C[*])[*])CCOC(C(F)(F)F)(C(F)(F)F)C(F)(F)F,O(C(=O)C(C[*])[*])CCOC,O(C(=O)C(C[*])[*])CCO,O(C(=O)C(C[*])[*])CC[S](C)=O,0.4,0.1,0.0,0.15,0.15,0.2,0.162784665,6800.0,1.3
401,C(OC(=O)C(C[*])[*])C(F)(F)F,O(C(=O)C(C[*])[*])CCOC(C(F)(F)F)C(F)(F)F,O(C(=O)C(C[*])[*])CCOC(C(F)(F)F)(C(F)(F)F)C(F)(F)F,O(C(=O)C(C[*])[*])CCOC,O(C(=O)C(C[*])[*])CCO,O(C(=O)C(C[*])[*])CC[S](C)=O,0.4,0.4,0.1,0.1,0.0,0.0,0.342545332,,
402,C(OC(=O)C(C[*])[*])C(F)(F)F,O(C(=O)C(C[*])[*])CCOC(C(F)(F)F)C(F)(F)F,O(C(=O)C(C[*])[*])CCOC(C(F)(F)F)(C(F)(F)F)C(F)(F)F,O(C(=O)C(C[*])[*])CCOC,O(C(=O)C(C[*])[*])CCO,O(C(=O)C(C[*])[*])CC[S](C)=O,0.5,0.0,0.0,0.5,0.0,0.0,0.089892602,,
403,C(OC(=O)C(C[*])[*])C(F)(F)F,O(C(=O)C(C[*])[*])CCOC(C(F)(F)F)C(F)(F)F,O(C(=O)C(C[*])[*])CCOC(C(F)(F)F)(C(F)(F)F)C(F)(F)F,O(C(=O)C(C[*])[*])CCOC,O(C(=O)C(C[*])[*])CCO,O(C(=O)C(C[*])[*])CC[S](C)=O,0.5,0.0,0.3,0.1,0.0,0.1,0.330365016,,
404,C(OC(=O)C(C[*])[*])C(F)(F)F,O(C(=O)C(C[*])[*])CCOC(C(F)(F)F)C(F)(F)F,O(C(=O)C(C[*])[*])CCOC(C(F)(F)F)(C(F)(F)F)C(F)(F)F,O(C(=O)C(C[*])[*])CCOC,O(C(=O)C(C[*])[*])CCO,O(C(=O)C(C[*])[*])CC[S](C)=O,0.5,0.05,0.1,0.05,0.3,0.0,0.280898107,,
405,C(OC(=O)C(C[*])[*])C(F)(F)F,O(C(=O)C(C[*])[*])CCOC(C(F)(F)F)C(F)(F)F,O(C(=O)C(C[*])[*])CCOC(C(F)(F)F)(C(F)(F)F)C(F)(F)F,O(C(=O)C(C[*])[*])CCOC,O(C(=O)C(C[*])[*])CCO,O(C(=O)C(C[*])[*])CC[S](C)=O,0.55,0.15,0.05,0.15,0.1,0.0,0.253302937,,
406,C(OC(=O)C(C[*])[*])C(F)(F)F,O(C(=O)C(C[*])[*])CCOC(C(F)(F)F)C(F)(F)F,O(C(=O)C(C[*])[*])CCOC(C(F)(F)F)(C(F)(F)F)C(F)(F)F,O(C(=O)C(C[*])[*])CCOC,O(C(=O)C(C[*])[*])CCO,O(C(=O)C(C[*])[*])CC[S](C)=O,0.6,0.0,0.0,0.3,0.1,0.0,0.137867091,9400.0,1.12
407,C(OC(=O)C(C[*])[*])C(F)(F)F,O(C(=O)C(C[*])[*])CCOC(C(F)(F)F)C(F)(F)F,O(C(=O)C(C[*])[*])CCOC(C(F)(F)F)(C(F)(F)F)C(F)(F)F,O(C(=O)C(C[*])[*])CCOC,O(C(=O)C(C[*])[*])CCO,O(C(=O)C(C[*])[*])CC[S](C)=O,0.6,0.0,0.0,0.3,0.1,0.0,0.137867091,6900.0,1.23
408,C(OC(=O)C(C[*])[*])C(F)(F)F,O(C(=O)C(C[*])[*])CCOC(C(F)(F)F)C(F)(F)F,O(C(=O)C(C[*])[*])CCOC(C(F)(F)F)(C(F)(F)F)C(F)(F)F,O(C(=O)C(C[*])[*])CCOC,O(C(=O)C(C[*])[*])CCO,O(C(=O)C(C[*])[*])CC[S](C)=O,0.6,0.0,0.0,0.3,0.1,0.0,0.137867091,14400.0,1.29
409,C(OC(=O)C(C[*])[*])C(F)(F)F,O(C(=O)C(C[*])[*])CCOC(C(F)(F)F)C(F)(F)F,O(C(=O)C(C[*])[*])CCOC(C(F)(F)F)(C(F)(F)F)C(F)(F)F,O(C(=O)C(C[*])[*])CCOC,O(C(=O)C(C[*])[*])CCO,O(C(=O)C(C[*])[*])CC[S](C)=O,0.6,0.0,0.0,0.3,0.1,0.0,0.137867091,4600.0,1.37
410,C(OC(=O)C(C[*])[*])C(F)(F)F,O(C(=O)C(C[*])[*])CCOC(C(F)(F)F)C(F)(F)F,O(C(=O)C(C[*])[*])CCOC(C(F)(F)F)(C(F)(F)F)C(F)(F)F,O(C(=O)C(C[*])[*])CCOC,O(C(=O)C(C[*])[*])CCO,O(C(=O)C(C[*])[*])CC[S](C)=O,0.6,0.0,0.0,0.4,0.0,0.0,0.120230336,,
411,C(OC(=O)C(C[*])[*])C(F)(F)F,O(C(=O)C(C[*])[*])CCOC(C(F)(F)F)C(F)(F)F,O(C(=O)C(C[*])[*])CCOC(C(F)(F)F)(C(F)(F)F)C(F)(F)F,O(C(=O)C(C[*])[*])CCOC,O(C(=O)C(C[*])[*])CCO,O(C(=O)C(C[*])[*])CC[S](C)=O,0.6,0.0,0.0,0.4,0.0,0.0,0.120230336,,
412,C(OC(=O)C(C[*])[*])C(F)(F)F,O(C(=O)C(C[*])[*])CCOC(C(F)(F)F)C(F)(F)F,O(C(=O)C(C[*])[*])CCOC(C(F)(F)F)(C(F)(F)F)C(F)(F)F,O(C(=O)C(C[*])[*])CCOC,O(C(=O)C(C[*])[*])CCO,O(C(=O)C(C[*])[*])CC[S](C)=O,0.6,0.0,0.0,0.4,0.0,0.0,0.120230336,,
413,C(OC(=O)C(C[*])[*])C(F)(F)F,O(C(=O)C(C[*])[*])CCOC(C(F)(F)F)C(F)(F)F,O(C(=O)C(C[*])[*])CCOC(C(F)(F)F)(C(F)(F)F)C(F)(F)F,O(C(=O)C(C[*])[*])CCOC,O(C(=O)C(C[*])[*])CCO,O(C(=O)C(C[*])[*])CC[S](C)=O,0.65,0.0,0.0,0.05,0.0,0.3,0.214446332,,
414,C(OC(=O)C(C[*])[*])C(F)(F)F,O(C(=O)C(C[*])[*])CCOC(C(F)(F)F)C(F)(F)F,O(C(=O)C(C[*])[*])CCOC(C(F)(F)F)(C(F)(F)F)C(F)(F)F,O(C(=O)C(C[*])[*])CCOC,O(C(=O)C(C[*])[*])CCO,O(C(=O)C(C[*])[*])CC[S](C)=O,0.65,0.0,0.0,0.15,0.15,0.05,0.187426964,,
415,C(OC(=O)C(C[*])[*])C(F)(F)F,O(C(=O)C(C[*])[*])CCOC(C(F)(F)F)C(F)(F)F,O(C(=O)C(C[*])[*])CCOC(C(F)(F)F)(C(F)(F)F)C(F)(F)F,O(C(=O)C(C[*])[*])CCOC,O(C(=O)C(C[*])[*])CCO,O(C(=O)C(C[*])[*])CC[S](C)=O,0.7,0.0,0.0,0.3,0.0,0.0,0.158419458,,
416,C(OC(=O)C(C[*])[*])C(F)(F)F,O(C(=O)C(C[*])[*])CCOC(C(F)(F)F)C(F)(F)F,O(C(=O)C(C[*])[*])CCOC(C(F)(F)F)(C(F)(F)F)C(F)(F)F,O(C(=O)C(C[*])[*])CCOC,O(C(=O)C(C[*])[*])CCO,O(C(=O)C(C[*])[*])CC[S](C)=O,0.75,0.0,0.0,0.0,0.05,0.2,0.27799273,,
417,C(OC(=O)C(C[*])[*])C(F)(F)F,O(C(=O)C(C[*])[*])CCOC(C(F)(F)F)C(F)(F)F,O(C(=O)C(C[*])[*])CCOC(C(F)(F)F)(C(F)(F)F)C(F)(F)F,O(C(=O)C(C[*])[*])CCOC,O(C(=O)C(C[*])[*])CCO,O(C(=O)C(C[*])[*])CC[S](C)=O,0.8,0.0,0.0,0.1,0.0,0.1,0.243231134,,
418,C(OC(=O)C(C[*])[*])C(F)(F)F,O(C(=O)C(C[*])[*])CCOC(C(F)(F)F)C(F)(F)F,O(C(=O)C(C[*])[*])CCOC(C(F)(F)F)(C(F)(F)F)C(F)(F)F,O(C(=O)C(C[*])[*])CCOC,O(C(=O)C(C[*])[*])CCO,O(C(=O)C(C[*])[*])CC[S](C)=O,0.8,0.05,0.05,0.05,0.05,0.0,0.326850926,,
